period,Argentina – Life expectancy at birth – Men – Years – Annual (OECD/DP_LIVE/ARG.LIFEEXP.MEN.YR.A),Argentina – Life expectancy at birth – Total – Years – Annual (OECD/DP_LIVE/ARG.LIFEEXP.TOT.YR.A),Argentina – Life expectancy at birth – Women – Years – Annual (OECD/DP_LIVE/ARG.LIFEEXP.WOMEN.YR.A),Australia – Life expectancy at birth – Men – Years – Annual (OECD/DP_LIVE/AUS.LIFEEXP.MEN.YR.A),Australia – Life expectancy at birth – Total – Years – Annual (OECD/DP_LIVE/AUS.LIFEEXP.TOT.YR.A),Australia – Life expectancy at birth – Women – Years – Annual (OECD/DP_LIVE/AUS.LIFEEXP.WOMEN.YR.A),Austria – Life expectancy at birth – Men – Years – Annual (OECD/DP_LIVE/AUT.LIFEEXP.MEN.YR.A),Austria – Life expectancy at birth – Total – Years – Annual (OECD/DP_LIVE/AUT.LIFEEXP.TOT.YR.A),Austria – Life expectancy at birth – Women – Years – Annual (OECD/DP_LIVE/AUT.LIFEEXP.WOMEN.YR.A),Belgium – Life expectancy at birth – Men – Years – Annual (OECD/DP_LIVE/BEL.LIFEEXP.MEN.YR.A),Belgium – Life expectancy at birth – Total – Years – Annual (OECD/DP_LIVE/BEL.LIFEEXP.TOT.YR.A),Belgium – Life expectancy at birth – Women – Years – Annual (OECD/DP_LIVE/BEL.LIFEEXP.WOMEN.YR.A),Bulgaria – Life expectancy at birth – Men – Years – Annual (OECD/DP_LIVE/BGR.LIFEEXP.MEN.YR.A),Bulgaria – Life expectancy at birth – Total – Years – Annual (OECD/DP_LIVE/BGR.LIFEEXP.TOT.YR.A),Bulgaria – Life expectancy at birth – Women – Years – Annual (OECD/DP_LIVE/BGR.LIFEEXP.WOMEN.YR.A),Brazil – Life expectancy at birth – Men – Years – Annual (OECD/DP_LIVE/BRA.LIFEEXP.MEN.YR.A),Brazil – Life expectancy at birth – Total – Years – Annual (OECD/DP_LIVE/BRA.LIFEEXP.TOT.YR.A),Brazil – Life expectancy at birth – Women – Years – Annual (OECD/DP_LIVE/BRA.LIFEEXP.WOMEN.YR.A),Canada – Life expectancy at birth – Men – Years – Annual (OECD/DP_LIVE/CAN.LIFEEXP.MEN.YR.A),Canada – Life expectancy at birth – Total – Years – Annual (OECD/DP_LIVE/CAN.LIFEEXP.TOT.YR.A),Canada – Life expectancy at birth – Women – Years – Annual (OECD/DP_LIVE/CAN.LIFEEXP.WOMEN.YR.A),Switzerland – Life expectancy at birth – Men – Years – Annual (OECD/DP_LIVE/CHE.LIFEEXP.MEN.YR.A),Switzerland – Life expectancy at birth – Total – Years – Annual (OECD/DP_LIVE/CHE.LIFEEXP.TOT.YR.A),Switzerland – Life expectancy at birth – Women – Years – Annual (OECD/DP_LIVE/CHE.LIFEEXP.WOMEN.YR.A),Chile – Life expectancy at birth – Men – Years – Annual (OECD/DP_LIVE/CHL.LIFEEXP.MEN.YR.A),Chile – Life expectancy at birth – Total – Years – Annual (OECD/DP_LIVE/CHL.LIFEEXP.TOT.YR.A),Chile – Life expectancy at birth – Women – Years – Annual (OECD/DP_LIVE/CHL.LIFEEXP.WOMEN.YR.A),China (People's Republic of) – Life expectancy at birth – Men – Years – Annual (OECD/DP_LIVE/CHN.LIFEEXP.MEN.YR.A),China (People's Republic of) – Life expectancy at birth – Total – Years – Annual (OECD/DP_LIVE/CHN.LIFEEXP.TOT.YR.A),China (People's Republic of) – Life expectancy at birth – Women – Years – Annual (OECD/DP_LIVE/CHN.LIFEEXP.WOMEN.YR.A),Colombia – Life expectancy at birth – Men – Years – Annual (OECD/DP_LIVE/COL.LIFEEXP.MEN.YR.A),Colombia – Life expectancy at birth – Total – Years – Annual (OECD/DP_LIVE/COL.LIFEEXP.TOT.YR.A),Colombia – Life expectancy at birth – Women – Years – Annual (OECD/DP_LIVE/COL.LIFEEXP.WOMEN.YR.A),Costa Rica – Life expectancy at birth – Men – Years – Annual (OECD/DP_LIVE/CRI.LIFEEXP.MEN.YR.A),Costa Rica – Life expectancy at birth – Total – Years – Annual (OECD/DP_LIVE/CRI.LIFEEXP.TOT.YR.A),Costa Rica – Life expectancy at birth – Women – Years – Annual (OECD/DP_LIVE/CRI.LIFEEXP.WOMEN.YR.A),Czechia – Life expectancy at birth – Men – Years – Annual (OECD/DP_LIVE/CZE.LIFEEXP.MEN.YR.A),Czechia – Life expectancy at birth – Total – Years – Annual (OECD/DP_LIVE/CZE.LIFEEXP.TOT.YR.A),Czechia – Life expectancy at birth – Women – Years – Annual (OECD/DP_LIVE/CZE.LIFEEXP.WOMEN.YR.A),Germany – Life expectancy at birth – Men – Years – Annual (OECD/DP_LIVE/DEU.LIFEEXP.MEN.YR.A),Germany – Life expectancy at birth – Total – Years – Annual (OECD/DP_LIVE/DEU.LIFEEXP.TOT.YR.A),Germany – Life expectancy at birth – Women – Years – Annual (OECD/DP_LIVE/DEU.LIFEEXP.WOMEN.YR.A),Denmark – Life expectancy at birth – Men – Years – Annual (OECD/DP_LIVE/DNK.LIFEEXP.MEN.YR.A),Denmark – Life expectancy at birth – Total – Years – Annual (OECD/DP_LIVE/DNK.LIFEEXP.TOT.YR.A),Denmark – Life expectancy at birth – Women – Years – Annual (OECD/DP_LIVE/DNK.LIFEEXP.WOMEN.YR.A),Spain – Life expectancy at birth – Men – Years – Annual (OECD/DP_LIVE/ESP.LIFEEXP.MEN.YR.A),Spain – Life expectancy at birth – Total – Years – Annual (OECD/DP_LIVE/ESP.LIFEEXP.TOT.YR.A),Spain – Life expectancy at birth – Women – Years – Annual (OECD/DP_LIVE/ESP.LIFEEXP.WOMEN.YR.A),Estonia – Life expectancy at birth – Men – Years – Annual (OECD/DP_LIVE/EST.LIFEEXP.MEN.YR.A),Estonia – Life expectancy at birth – Total – Years – Annual (OECD/DP_LIVE/EST.LIFEEXP.TOT.YR.A),Estonia – Life expectancy at birth – Women – Years – Annual (OECD/DP_LIVE/EST.LIFEEXP.WOMEN.YR.A),Finland – Life expectancy at birth – Men – Years – Annual (OECD/DP_LIVE/FIN.LIFEEXP.MEN.YR.A),Finland – Life expectancy at birth – Total – Years – Annual (OECD/DP_LIVE/FIN.LIFEEXP.TOT.YR.A),Finland – Life expectancy at birth – Women – Years – Annual (OECD/DP_LIVE/FIN.LIFEEXP.WOMEN.YR.A),France – Life expectancy at birth – Men – Years – Annual (OECD/DP_LIVE/FRA.LIFEEXP.MEN.YR.A),France – Life expectancy at birth – Total – Years – Annual (OECD/DP_LIVE/FRA.LIFEEXP.TOT.YR.A),France – Life expectancy at birth – Women – Years – Annual (OECD/DP_LIVE/FRA.LIFEEXP.WOMEN.YR.A),United Kingdom – Life expectancy at birth – Men – Years – Annual (OECD/DP_LIVE/GBR.LIFEEXP.MEN.YR.A),United Kingdom – Life expectancy at birth – Total – Years – Annual (OECD/DP_LIVE/GBR.LIFEEXP.TOT.YR.A),United Kingdom – Life expectancy at birth – Women – Years – Annual (OECD/DP_LIVE/GBR.LIFEEXP.WOMEN.YR.A),Greece – Life expectancy at birth – Men – Years – Annual (OECD/DP_LIVE/GRC.LIFEEXP.MEN.YR.A),Greece – Life expectancy at birth – Total – Years – Annual (OECD/DP_LIVE/GRC.LIFEEXP.TOT.YR.A),Greece – Life expectancy at birth – Women – Years – Annual (OECD/DP_LIVE/GRC.LIFEEXP.WOMEN.YR.A),Croatia – Life expectancy at birth – Men – Years – Annual (OECD/DP_LIVE/HRV.LIFEEXP.MEN.YR.A),Croatia – Life expectancy at birth – Total – Years – Annual (OECD/DP_LIVE/HRV.LIFEEXP.TOT.YR.A),Croatia – Life expectancy at birth – Women – Years – Annual (OECD/DP_LIVE/HRV.LIFEEXP.WOMEN.YR.A),Hungary – Life expectancy at birth – Men – Years – Annual (OECD/DP_LIVE/HUN.LIFEEXP.MEN.YR.A),Hungary – Life expectancy at birth – Total – Years – Annual (OECD/DP_LIVE/HUN.LIFEEXP.TOT.YR.A),Hungary – Life expectancy at birth – Women – Years – Annual (OECD/DP_LIVE/HUN.LIFEEXP.WOMEN.YR.A),Indonesia – Life expectancy at birth – Men – Years – Annual (OECD/DP_LIVE/IDN.LIFEEXP.MEN.YR.A),Indonesia – Life expectancy at birth – Total – Years – Annual (OECD/DP_LIVE/IDN.LIFEEXP.TOT.YR.A),Indonesia – Life expectancy at birth – Women – Years – Annual (OECD/DP_LIVE/IDN.LIFEEXP.WOMEN.YR.A),India – Life expectancy at birth – Men – Years – Annual (OECD/DP_LIVE/IND.LIFEEXP.MEN.YR.A),India – Life expectancy at birth – Total – Years – Annual (OECD/DP_LIVE/IND.LIFEEXP.TOT.YR.A),India – Life expectancy at birth – Women – Years – Annual (OECD/DP_LIVE/IND.LIFEEXP.WOMEN.YR.A),Ireland – Life expectancy at birth – Men – Years – Annual (OECD/DP_LIVE/IRL.LIFEEXP.MEN.YR.A),Ireland – Life expectancy at birth – Total – Years – Annual (OECD/DP_LIVE/IRL.LIFEEXP.TOT.YR.A),Ireland – Life expectancy at birth – Women – Years – Annual (OECD/DP_LIVE/IRL.LIFEEXP.WOMEN.YR.A),Iceland – Life expectancy at birth – Men – Years – Annual (OECD/DP_LIVE/ISL.LIFEEXP.MEN.YR.A),Iceland – Life expectancy at birth – Total – Years – Annual (OECD/DP_LIVE/ISL.LIFEEXP.TOT.YR.A),Iceland – Life expectancy at birth – Women – Years – Annual (OECD/DP_LIVE/ISL.LIFEEXP.WOMEN.YR.A),Israel – Life expectancy at birth – Men – Years – Annual (OECD/DP_LIVE/ISR.LIFEEXP.MEN.YR.A),Israel – Life expectancy at birth – Total – Years – Annual (OECD/DP_LIVE/ISR.LIFEEXP.TOT.YR.A),Israel – Life expectancy at birth – Women – Years – Annual (OECD/DP_LIVE/ISR.LIFEEXP.WOMEN.YR.A),Italy – Life expectancy at birth – Men – Years – Annual (OECD/DP_LIVE/ITA.LIFEEXP.MEN.YR.A),Italy – Life expectancy at birth – Total – Years – Annual (OECD/DP_LIVE/ITA.LIFEEXP.TOT.YR.A),Italy – Life expectancy at birth – Women – Years – Annual (OECD/DP_LIVE/ITA.LIFEEXP.WOMEN.YR.A),Japan – Life expectancy at birth – Men – Years – Annual (OECD/DP_LIVE/JPN.LIFEEXP.MEN.YR.A),Japan – Life expectancy at birth – Total – Years – Annual (OECD/DP_LIVE/JPN.LIFEEXP.TOT.YR.A),Japan – Life expectancy at birth – Women – Years – Annual (OECD/DP_LIVE/JPN.LIFEEXP.WOMEN.YR.A),Korea – Life expectancy at birth – Men – Years – Annual (OECD/DP_LIVE/KOR.LIFEEXP.MEN.YR.A),Korea – Life expectancy at birth – Total – Years – Annual (OECD/DP_LIVE/KOR.LIFEEXP.TOT.YR.A),Korea – Life expectancy at birth – Women – Years – Annual (OECD/DP_LIVE/KOR.LIFEEXP.WOMEN.YR.A),Lithuania – Life expectancy at birth – Men – Years – Annual (OECD/DP_LIVE/LTU.LIFEEXP.MEN.YR.A),Lithuania – Life expectancy at birth – Total – Years – Annual (OECD/DP_LIVE/LTU.LIFEEXP.TOT.YR.A),Lithuania – Life expectancy at birth – Women – Years – Annual (OECD/DP_LIVE/LTU.LIFEEXP.WOMEN.YR.A),Luxembourg – Life expectancy at birth – Men – Years – Annual (OECD/DP_LIVE/LUX.LIFEEXP.MEN.YR.A),Luxembourg – Life expectancy at birth – Total – Years – Annual (OECD/DP_LIVE/LUX.LIFEEXP.TOT.YR.A),Luxembourg – Life expectancy at birth – Women – Years – Annual (OECD/DP_LIVE/LUX.LIFEEXP.WOMEN.YR.A),Latvia – Life expectancy at birth – Men – Years – Annual (OECD/DP_LIVE/LVA.LIFEEXP.MEN.YR.A),Latvia – Life expectancy at birth – Total – Years – Annual (OECD/DP_LIVE/LVA.LIFEEXP.TOT.YR.A),Latvia – Life expectancy at birth – Women – Years – Annual (OECD/DP_LIVE/LVA.LIFEEXP.WOMEN.YR.A),Mexico – Life expectancy at birth – Men – Years – Annual (OECD/DP_LIVE/MEX.LIFEEXP.MEN.YR.A),Mexico – Life expectancy at birth – Total – Years – Annual (OECD/DP_LIVE/MEX.LIFEEXP.TOT.YR.A),Mexico – Life expectancy at birth – Women – Years – Annual (OECD/DP_LIVE/MEX.LIFEEXP.WOMEN.YR.A),Netherlands – Life expectancy at birth – Men – Years – Annual (OECD/DP_LIVE/NLD.LIFEEXP.MEN.YR.A),Netherlands – Life expectancy at birth – Total – Years – Annual (OECD/DP_LIVE/NLD.LIFEEXP.TOT.YR.A),Netherlands – Life expectancy at birth – Women – Years – Annual (OECD/DP_LIVE/NLD.LIFEEXP.WOMEN.YR.A),Norway – Life expectancy at birth – Men – Years – Annual (OECD/DP_LIVE/NOR.LIFEEXP.MEN.YR.A),Norway – Life expectancy at birth – Total – Years – Annual (OECD/DP_LIVE/NOR.LIFEEXP.TOT.YR.A),Norway – Life expectancy at birth – Women – Years – Annual (OECD/DP_LIVE/NOR.LIFEEXP.WOMEN.YR.A),New Zealand – Life expectancy at birth – Men – Years – Annual (OECD/DP_LIVE/NZL.LIFEEXP.MEN.YR.A),New Zealand – Life expectancy at birth – Total – Years – Annual (OECD/DP_LIVE/NZL.LIFEEXP.TOT.YR.A),New Zealand – Life expectancy at birth – Women – Years – Annual (OECD/DP_LIVE/NZL.LIFEEXP.WOMEN.YR.A),Peru – Life expectancy at birth – Men – Years – Annual (OECD/DP_LIVE/PER.LIFEEXP.MEN.YR.A),Peru – Life expectancy at birth – Total – Years – Annual (OECD/DP_LIVE/PER.LIFEEXP.TOT.YR.A),Peru – Life expectancy at birth – Women – Years – Annual (OECD/DP_LIVE/PER.LIFEEXP.WOMEN.YR.A),Poland – Life expectancy at birth – Men – Years – Annual (OECD/DP_LIVE/POL.LIFEEXP.MEN.YR.A),Poland – Life expectancy at birth – Total – Years – Annual (OECD/DP_LIVE/POL.LIFEEXP.TOT.YR.A),Poland – Life expectancy at birth – Women – Years – Annual (OECD/DP_LIVE/POL.LIFEEXP.WOMEN.YR.A),Portugal – Life expectancy at birth – Men – Years – Annual (OECD/DP_LIVE/PRT.LIFEEXP.MEN.YR.A),Portugal – Life expectancy at birth – Total – Years – Annual (OECD/DP_LIVE/PRT.LIFEEXP.TOT.YR.A),Portugal – Life expectancy at birth – Women – Years – Annual (OECD/DP_LIVE/PRT.LIFEEXP.WOMEN.YR.A),Romania – Life expectancy at birth – Men – Years – Annual (OECD/DP_LIVE/ROU.LIFEEXP.MEN.YR.A),Romania – Life expectancy at birth – Total – Years – Annual (OECD/DP_LIVE/ROU.LIFEEXP.TOT.YR.A),Romania – Life expectancy at birth – Women – Years – Annual (OECD/DP_LIVE/ROU.LIFEEXP.WOMEN.YR.A),Russia – Life expectancy at birth – Men – Years – Annual (OECD/DP_LIVE/RUS.LIFEEXP.MEN.YR.A),Russia – Life expectancy at birth – Total – Years – Annual (OECD/DP_LIVE/RUS.LIFEEXP.TOT.YR.A),Russia – Life expectancy at birth – Women – Years – Annual (OECD/DP_LIVE/RUS.LIFEEXP.WOMEN.YR.A),Slovak Republic – Life expectancy at birth – Men – Years – Annual (OECD/DP_LIVE/SVK.LIFEEXP.MEN.YR.A),Slovak Republic – Life expectancy at birth – Total – Years – Annual (OECD/DP_LIVE/SVK.LIFEEXP.TOT.YR.A),Slovak Republic – Life expectancy at birth – Women – Years – Annual (OECD/DP_LIVE/SVK.LIFEEXP.WOMEN.YR.A),Slovenia – Life expectancy at birth – Men – Years – Annual (OECD/DP_LIVE/SVN.LIFEEXP.MEN.YR.A),Slovenia – Life expectancy at birth – Total – Years – Annual (OECD/DP_LIVE/SVN.LIFEEXP.TOT.YR.A),Slovenia – Life expectancy at birth – Women – Years – Annual (OECD/DP_LIVE/SVN.LIFEEXP.WOMEN.YR.A),Sweden – Life expectancy at birth – Men – Years – Annual (OECD/DP_LIVE/SWE.LIFEEXP.MEN.YR.A),Sweden – Life expectancy at birth – Total – Years – Annual (OECD/DP_LIVE/SWE.LIFEEXP.TOT.YR.A),Sweden – Life expectancy at birth – Women – Years – Annual (OECD/DP_LIVE/SWE.LIFEEXP.WOMEN.YR.A),Türkiye – Life expectancy at birth – Men – Years – Annual (OECD/DP_LIVE/TUR.LIFEEXP.MEN.YR.A),Türkiye – Life expectancy at birth – Total – Years – Annual (OECD/DP_LIVE/TUR.LIFEEXP.TOT.YR.A),Türkiye – Life expectancy at birth – Women – Years – Annual (OECD/DP_LIVE/TUR.LIFEEXP.WOMEN.YR.A),United States – Life expectancy at birth – Men – Years – Annual (OECD/DP_LIVE/USA.LIFEEXP.MEN.YR.A),United States – Life expectancy at birth – Total – Years – Annual (OECD/DP_LIVE/USA.LIFEEXP.TOT.YR.A),United States – Life expectancy at birth – Women – Years – Annual (OECD/DP_LIVE/USA.LIFEEXP.WOMEN.YR.A),South Africa – Life expectancy at birth – Men – Years – Annual (OECD/DP_LIVE/ZAF.LIFEEXP.MEN.YR.A),South Africa – Life expectancy at birth – Total – Years – Annual (OECD/DP_LIVE/ZAF.LIFEEXP.TOT.YR.A),South Africa – Life expectancy at birth – Women – Years – Annual (OECD/DP_LIVE/ZAF.LIFEEXP.WOMEN.YR.A)
1960,60.9,64.0,67.6,67.9,NA,73.9,65.4,68.7,71.9,66.8,69.7,72.8,67.5,69.3,71.1,50.3,52.7,55.2,NA,NA,NA,68.7,71.4,74.1,54.6,57.3,60.1,32.1,33.3,34.6,52.2,55.2,58.3,58.9,60.4,62.0,67.8,70.7,73.5,66.5,69.1,71.7,70.4,72.4,74.4,67.4,69.8,72.2,64.7,69.4,73.1,65.5,69.0,72.5,67.0,70.3,73.6,67.9,70.8,73.7,NA,NA,NA,NA,NA,NA,65.9,68.1,70.2,45.0,46.5,47.9,45.9,45.2,44.5,68.1,70.0,71.9,NA,NA,NA,NA,NA,NA,NA,NA,NA,65.3,67.8,70.2,NA,NA,NA,NA,NA,NA,66.5,69.4,72.2,NA,NA,NA,55.8,NA,59.2,71.5,73.5,75.4,71.6,73.8,76.0,NA,NA,NA,49.4,50.5,51.6,64.9,67.8,70.6,61.1,64.0,66.7,NA,NA,NA,62.1,66.2,70.2,67.9,70.3,72.7,NA,NA,NA,71.2,73.1,74.9,46.3,48.3,50.3,66.6,69.7,73.1,50.9,52.7,54.8
1961,61.2,64.4,68.0,68.0,NA,74.4,66.5,69.7,72.8,67.6,70.5,73.6,68.5,70.4,72.3,50.8,53.2,55.8,68.4,NA,74.2,68.9,71.8,74.6,54.9,57.7,60.5,39.0,40.5,42.1,52.6,55.6,58.7,59.5,61.0,62.7,67.7,70.7,73.6,67.0,69.7,72.3,NA,NA,NA,NA,NA,NA,65.1,69.7,73.3,NA,NA,NA,67.5,71.0,74.4,67.8,70.7,73.6,70.2,72.1,73.8,NA,NA,NA,66.8,69.0,71.2,45.7,47.1,48.5,46.1,45.4,44.7,NA,NA,NA,70.8,73.5,76.3,NA,NA,NA,67.2,69.8,72.3,66.0,68.4,70.8,NA,NA,NA,NA,NA,NA,NA,NA,NA,NA,NA,NA,56.5,NA,59.8,71.6,73.8,75.9,71.4,73.8,76.2,68.4,71.1,73.8,50.0,51.1,52.2,64.9,67.8,70.8,59.9,62.7,65.4,NA,NA,NA,62.6,66.7,70.8,68.6,70.9,73.2,NA,NA,NA,71.6,73.5,75.4,47.0,49.0,51.0,67.1,70.2,73.6,51.2,53.1,55.3
1962,61.0,64.2,68.0,67.8,71.0,74.2,66.3,69.4,72.5,67.4,70.3,73.2,67.8,69.6,71.5,51.3,53.7,56.3,NA,NA,NA,68.4,71.3,74.1,55.3,58.1,61.0,48.8,50.8,53.0,53.1,56.1,59.2,60.0,61.6,63.4,66.9,70.0,72.9,67.1,69.9,72.6,NA,NA,NA,NA,NA,NA,65.6,69.8,73.2,NA,NA,NA,67.0,70.5,73.9,NA,NA,NA,69.9,71.7,73.4,NA,NA,NA,65.7,67.9,70.1,46.6,47.9,49.2,46.3,45.7,45.0,NA,NA,NA,71.4,73.7,76.2,NA,NA,NA,NA,NA,NA,66.2,68.7,71.2,NA,NA,NA,NA,NA,NA,NA,NA,NA,NA,NA,NA,57.1,NA,60.5,71.1,73.4,75.7,71.2,73.7,76.2,68.4,71.2,73.9,50.2,51.3,52.4,64.5,67.5,70.5,61.2,64.2,67.0,NA,NA,NA,63.0,67.1,71.3,68.0,70.4,72.7,NA,NA,NA,71.3,73.4,75.4,47.6,49.7,51.7,66.9,70.1,73.5,51.5,53.4,55.6
1963,61.2,64.4,68.3,67.9,NA,74.2,66.4,69.6,72.7,67.1,70.1,73.1,68.7,70.5,72.2,51.8,54.2,56.8,NA,NA,NA,68.3,71.3,74.3,55.7,58.6,61.5,49.4,51.4,53.6,53.5,56.5,59.6,60.5,62.2,64.1,67.3,70.5,73.6,67.2,70.0,72.8,NA,NA,NA,NA,NA,NA,65.4,69.9,73.6,65.4,69.0,72.6,66.8,70.5,74.1,NA,NA,NA,70.2,72.0,73.7,NA,NA,NA,66.6,69.0,71.3,47.1,48.4,49.8,46.6,45.9,45.2,NA,NA,NA,70.2,73.0,76.1,NA,NA,NA,NA,NA,NA,67.2,69.8,72.3,NA,NA,NA,NA,NA,NA,NA,NA,NA,NA,NA,NA,57.6,NA,61.0,71.0,73.4,75.8,71.1,73.3,75.7,68.3,71.2,74.0,51.1,52.2,53.3,65.4,68.5,71.5,61.8,64.8,67.6,NA,NA,NA,63.2,67.4,71.7,68.3,70.8,73.3,NA,NA,NA,71.6,73.6,75.6,48.2,50.3,52.3,66.6,69.9,73.4,51.7,53.6,55.9
1964,61.0,64.4,68.3,67.5,NA,73.9,66.8,70.0,73.2,67.8,70.8,73.9,69.4,71.3,73.2,52.3,54.6,57.2,NA,NA,NA,69.2,72.2,75.2,56.1,59.0,62.0,50.2,52.2,54.3,53.9,56.9,60.0,61.0,62.8,64.8,67.5,70.7,73.8,67.7,70.6,73.4,NA,NA,NA,NA,NA,NA,66.4,70.8,74.2,NA,NA,NA,67.7,71.4,75.1,NA,NA,NA,69.9,71.8,73.8,NA,NA,NA,67.0,69.5,71.9,47.7,49.2,50.9,46.8,46.2,45.5,NA,NA,NA,70.8,73.5,76.4,NA,NA,NA,NA,NA,NA,67.7,70.3,72.9,NA,NA,NA,NA,NA,NA,NA,NA,NA,NA,NA,NA,58.1,NA,61.6,71.3,73.8,76.3,71.5,73.8,76.3,68.3,71.2,74.1,51.6,52.7,53.8,65.8,68.7,71.6,62.0,64.9,67.8,NA,NA,NA,63.4,67.7,72.0,68.8,71.2,73.6,NA,NA,NA,71.7,73.8,75.9,48.9,51.0,53.0,66.8,70.2,73.7,51.9,53.9,56.2
1965,61.2,64.6,68.5,67.7,NA,74.2,66.6,69.8,73.0,67.6,70.7,73.8,69.4,71.4,73.3,52.7,55.1,57.7,NA,NA,NA,69.5,72.3,75.1,56.5,59.5,62.5,50.9,52.9,55.1,54.3,57.3,60.4,61.5,63.3,65.4,67.2,70.4,73.5,67.7,70.5,73.3,NA,NA,NA,NA,NA,NA,66.3,70.8,74.3,NA,NA,NA,67.5,71.3,75.0,NA,NA,NA,70.5,72.4,74.3,NA,NA,NA,66.7,69.2,71.5,39.1,42.6,46.6,45.6,45.0,44.4,NA,NA,NA,71.4,73.8,76.4,NA,NA,NA,NA,NA,NA,67.7,70.3,72.9,NA,NA,NA,NA,NA,NA,NA,NA,NA,NA,NA,NA,58.5,NA,62.1,71.1,73.6,76.1,71.3,74.0,76.7,68.2,71.2,74.2,52.1,53.2,54.3,66.6,69.5,72.4,62.6,65.8,68.9,NA,NA,NA,63.4,67.8,72.2,67.9,70.4,72.9,NA,NA,NA,71.7,73.9,76.1,49.5,51.6,53.6,66.8,70.2,73.8,52.1,54.2,56.6
1966,61.5,64.9,68.8,67.6,NA,74.0,66.9,70.2,73.4,67.8,70.7,73.8,69.3,71.2,73.2,53.1,55.5,58.1,68.8,NA,75.2,69.6,72.5,75.3,57.0,60.0,63.0,51.6,53.6,55.8,54.8,57.8,60.9,61.9,63.9,66.0,67.3,70.6,73.9,67.7,70.6,73.5,NA,NA,NA,NA,NA,NA,66.3,70.7,74.4,NA,NA,NA,67.8,71.5,75.2,NA,NA,NA,70.5,72.6,74.7,NA,NA,NA,67.5,69.9,72.3,46.3,48.2,50.2,45.9,45.3,44.7,NA,NA,NA,70.3,73.3,76.4,NA,NA,NA,NA,NA,NA,68.4,71.0,73.6,NA,NA,NA,NA,NA,NA,NA,NA,NA,NA,NA,NA,58.8,NA,62.5,71.0,73.6,76.1,71.6,74.2,76.9,68.2,71.3,74.3,52.6,53.7,54.9,66.9,69.9,72.9,62.0,65.3,68.4,NA,NA,NA,63.4,67.9,72.4,67.8,70.5,73.3,NA,NA,NA,71.9,74.2,76.5,50.1,52.2,54.3,66.7,70.2,73.8,52.2,54.4,56.9
1967,61.5,65.0,69.0,67.8,70.8,74.5,66.6,70.0,73.4,67.9,71.0,74.2,68.3,70.4,72.6,53.4,55.9,58.5,NA,NA,NA,69.7,72.8,75.8,57.5,60.6,63.6,52.4,54.4,56.5,55.2,58.2,61.3,62.3,64.4,66.6,67.1,70.5,73.8,67.9,70.9,73.8,70.3,72.6,74.9,NA,NA,NA,66.4,71.0,74.8,NA,NA,NA,67.8,71.5,75.2,NA,NA,NA,70.4,72.4,74.2,NA,NA,NA,66.9,69.5,72.1,49.4,51.1,52.8,46.2,45.7,45.1,NA,NA,NA,71.1,73.8,76.6,NA,NA,NA,NA,NA,NA,68.9,71.5,74.2,NA,NA,NA,NA,NA,NA,NA,NA,NA,NA,NA,NA,59.0,NA,62.9,71.2,73.9,76.6,71.5,74.2,77.1,68.3,71.4,74.4,53.1,54.2,55.4,66.4,69.5,72.6,62.8,66.1,69.2,NA,NA,NA,63.4,68.0,72.6,68.4,71.1,73.9,NA,NA,NA,71.9,74.2,76.5,50.8,52.9,54.9,67.0,70.5,74.3,52.4,54.6,57.2
1968,61.3,64.9,69.0,67.5,NA,74.2,66.8,70.2,73.5,67.6,70.7,73.9,69.2,71.2,73.3,53.9,56.3,58.9,NA,NA,NA,69.8,72.7,75.6,58.1,61.1,64.2,53.1,55.1,57.1,55.6,58.7,61.8,62.7,64.8,67.2,66.6,70.0,73.5,67.5,70.5,73.4,70.6,73.0,75.4,NA,NA,NA,65.9,70.6,74.5,65.9,69.8,73.7,67.8,71.5,75.2,NA,NA,NA,70.6,72.4,74.2,NA,NA,NA,66.6,69.3,72.0,49.9,51.6,53.5,48.1,47.5,46.8,NA,NA,NA,71.6,74.0,76.5,NA,NA,NA,NA,NA,NA,69.1,71.7,74.3,NA,NA,NA,NA,NA,NA,NA,NA,73.5,NA,NA,NA,59.2,NA,63.3,70.9,73.7,76.4,71.4,74.1,77.0,68.3,71.4,74.4,53.5,54.7,56.0,67.0,70.3,73.6,63.3,66.4,69.4,66.0,68.2,70.3,63.3,68.0,72.7,67.7,70.6,73.6,NA,NA,NA,71.7,74.0,76.4,51.3,53.4,55.5,66.6,70.2,74.1,52.6,54.9,57.5
1969,61.2,64.9,69.0,67.5,NA,74.6,66.5,69.9,73.3,67.6,70.8,74.1,68.2,70.4,72.7,54.3,56.7,59.3,NA,NA,NA,69.7,72.7,75.7,58.6,61.7,64.8,53.8,55.7,57.8,56.1,59.1,62.2,63.1,65.3,67.8,66.0,69.6,73.2,67.3,70.3,73.3,70.7,73.2,75.6,NA,NA,NA,65.3,70.2,74.4,NA,NA,NA,67.4,71.3,75.1,NA,NA,NA,71.0,73.0,75.0,NA,NA,NA,66.7,69.4,72.1,50.6,52.4,54.2,48.5,47.9,47.2,NA,NA,NA,71.2,73.7,76.4,NA,NA,NA,NA,NA,NA,69.2,71.9,74.7,NA,NA,NA,NA,NA,NA,NA,NA,73.4,NA,NA,NA,59.5,NA,63.7,70.9,73.6,76.3,71.0,73.8,76.9,68.4,71.5,74.5,54.0,55.3,56.6,66.5,69.8,73.1,62.8,66.0,69.0,65.1,67.4,69.7,63.2,68.0,72.8,66.9,70.0,73.3,NA,NA,NA,71.7,74.1,76.7,51.6,53.8,55.9,66.8,70.5,74.4,52.8,55.2,57.9
1970,63.3,66.5,70.0,67.4,NA,74.2,66.5,70.1,73.5,67.9,71.0,74.2,69.1,71.2,73.5,56.4,58.9,61.5,NA,NA,NA,70.0,73.2,76.2,59.2,62.3,65.5,57.3,59.1,60.9,56.5,59.5,62.7,63.6,65.8,68.3,66.1,69.6,73.1,67.5,70.6,73.6,70.7,73.3,75.9,69.2,72.0,74.8,65.5,70.4,74.5,66.5,70.8,75.0,68.4,72.2,75.9,68.7,71.9,75.0,71.6,73.8,76.0,NA,NA,NA,66.3,69.2,72.1,50.7,52.6,54.5,48.4,47.7,47.1,68.8,71.2,73.5,70.7,73.8,77.3,NA,NA,NA,NA,NA,NA,69.3,72.0,74.7,58.7,62.3,65.8,66.8,71.1,75.0,NA,NA,73.0,NA,NA,NA,58.5,59.9,63.2,70.8,73.7,76.5,71.2,74.3,77.5,68.5,71.5,74.5,52.5,54.2,55.9,66.6,70.0,73.3,63.6,66.7,69.7,65.9,68.2,70.4,63.1,68.3,73.4,66.8,69.8,73.1,65.0,68.7,72.4,72.3,74.7,77.3,52.0,54.2,56.3,67.1,70.8,74.7,50.2,52.6,55.2
1971,62.0,65.6,69.7,68.3,NA,74.9,66.7,70.3,73.7,67.9,71.1,74.4,68.6,70.8,73.2,54.8,57.2,59.7,69.3,NA,76.4,70.2,73.3,76.3,59.8,63.0,66.1,54.7,56.6,58.6,56.9,59.9,63.1,64.0,66.4,68.9,66.2,69.8,73.4,67.7,70.8,73.8,70.7,73.3,75.9,NA,NA,NA,65.7,70.6,74.8,65.9,70.1,74.2,68.3,72.1,75.9,68.8,71.9,75.0,72.2,74.2,76.2,NA,NA,NA,66.1,69.1,72.1,51.2,53.0,54.9,48.9,48.2,47.6,NA,NA,NA,70.8,73.5,76.5,70.1,71.8,73.4,69.0,72.0,74.9,70.2,72.9,75.6,59.1,62.7,66.3,67.6,72.0,76.1,66.2,69.6,73.1,NA,NA,NA,60.2,61.6,64.6,71.0,73.9,76.8,71.3,74.4,77.5,68.5,71.6,74.6,46.8,47.2,47.5,66.1,69.7,73.3,63.1,66.4,69.7,66.4,68.7,70.8,63.2,68.5,73.8,66.6,69.9,73.3,NA,NA,NA,72.0,74.7,77.5,52.4,54.6,56.7,67.4,71.1,75.0,53.1,55.6,58.3
1972,62.0,65.5,69.5,68.6,NA,75.4,67.0,70.7,74.1,68.2,71.4,74.8,68.6,70.8,73.1,55.2,57.6,60.2,NA,NA,NA,70.6,73.8,76.9,60.5,63.6,66.8,55.7,57.6,59.5,57.3,60.3,63.5,64.6,66.9,69.5,66.9,70.3,73.7,67.8,71.0,74.1,70.7,73.4,76.1,NA,NA,NA,65.5,70.4,74.7,66.6,70.7,74.9,68.5,72.4,76.2,NA,NA,NA,71.7,73.8,75.9,NA,NA,NA,66.8,69.8,72.7,51.7,53.6,55.5,49.3,48.6,47.9,NA,NA,NA,72.1,74.4,76.9,70.1,71.5,72.8,NA,NA,NA,70.5,73.2,75.9,59.4,63.1,66.8,66.9,71.3,75.4,67.7,70.8,74.1,NA,NA,NA,60.7,62.0,65.4,70.8,73.8,76.8,71.5,74.5,77.7,68.6,71.7,74.8,54.8,56.2,57.6,67.3,70.7,74.2,65.2,68.4,71.5,66.9,69.2,71.4,63.3,68.4,73.6,67.0,70.3,73.9,NA,NA,NA,72.0,74.8,77.6,52.8,55.0,57.1,67.4,71.2,75.1,53.4,56.0,58.8
1973,62.4,65.9,69.9,68.6,NA,75.5,67.6,71.2,74.6,68.4,71.7,75.0,68.9,71.2,73.7,55.6,58.0,60.6,NA,NA,NA,71.0,74.1,77.1,61.1,64.3,67.5,56.5,58.4,60.4,57.7,60.7,63.9,65.2,67.5,70.1,66.6,70.1,73.8,68.1,71.3,74.4,70.8,73.6,76.3,NA,NA,NA,66.1,70.7,74.7,66.9,71.2,75.5,68.7,72.5,76.3,NA,NA,NA,72.0,74.1,76.2,NA,NA,NA,66.6,69.6,72.6,52.4,54.2,56.1,49.7,49.0,48.3,NA,NA,NA,71.5,74.4,77.6,70.2,71.7,73.2,NA,NA,NA,70.7,73.4,76.0,59.7,63.5,67.3,67.3,71.6,75.6,66.9,70.6,74.6,NA,NA,NA,61.2,62.4,66.1,71.3,74.2,77.1,71.5,74.6,77.9,68.7,71.8,74.9,55.3,56.7,58.3,67.2,70.7,74.3,64.4,67.6,70.6,66.6,68.8,71.0,63.3,68.4,73.6,66.8,70.0,73.4,NA,NA,NA,72.2,74.9,77.8,53.2,55.4,57.5,67.6,71.4,75.3,53.7,56.3,59.2
1974,62.7,66.3,70.4,68.4,NA,75.4,67.5,71.2,74.7,68.8,72.0,75.3,68.8,71.1,73.5,56.1,58.5,61.0,NA,NA,NA,71.2,74.5,77.6,61.8,65.0,68.2,57.4,59.4,61.4,58.1,61.1,64.3,65.8,68.2,70.8,66.8,70.2,73.6,68.4,71.5,74.6,71.0,73.9,76.9,NA,NA,NA,65.9,70.9,75.1,66.9,71.2,75.4,68.9,72.8,76.7,NA,NA,NA,72.4,74.6,76.8,NA,NA,NA,66.3,69.3,72.3,53.0,54.9,56.7,50.2,49.5,48.8,NA,NA,NA,71.2,74.4,78.0,70.1,71.7,73.3,69.5,72.6,75.6,71.2,73.7,76.3,60.0,63.9,67.8,67.1,71.6,75.7,67.1,70.7,74.5,NA,NA,NA,61.7,63.4,66.7,71.6,74.6,77.6,71.9,75.0,78.2,68.8,72.0,75.1,55.5,57.1,58.7,67.8,71.2,74.6,64.8,68.2,71.4,67.4,69.7,71.9,63.1,68.5,73.8,66.8,70.2,73.7,NA,NA,NA,72.2,75.0,78.0,53.5,55.7,57.9,68.2,72.0,75.9,54.1,56.7,59.7
1975,62.8,66.6,70.7,69.2,NA,76.2,67.7,71.4,74.7,68.8,72.0,75.3,68.6,71.0,73.5,56.5,58.9,61.4,NA,NA,NA,71.5,74.9,78.1,62.4,65.7,68.9,58.1,60.2,62.3,58.5,61.5,64.6,66.5,68.8,71.4,67.0,70.5,74.1,68.2,71.4,74.5,71.3,74.2,77.1,70.5,73.4,76.3,65.0,70.2,74.8,67.4,71.7,75.9,69.0,73.0,76.9,NA,NA,NA,72.2,74.4,76.7,NA,NA,NA,66.3,69.4,72.5,53.6,55.4,57.3,50.9,50.2,49.5,NA,NA,NA,72.3,75.5,79.0,70.3,72.1,73.9,69.5,72.7,75.8,71.7,74.3,76.9,60.3,64.2,68.2,66.4,71.1,75.5,67.3,70.7,74.3,NA,NA,NA,62.0,63.9,67.3,71.5,74.6,77.7,71.9,75.0,78.3,68.9,72.1,75.3,55.9,57.5,59.2,67.0,70.6,74.3,64.6,68.4,72.1,67.4,69.8,72.1,62.5,67.9,73.2,66.9,70.3,74.0,NA,NA,NA,72.2,75.0,78.1,53.9,56.1,58.3,68.8,72.6,76.6,54.4,57.1,60.2
1976,63.3,67.1,71.3,69.3,72.8,76.3,68.2,71.8,75.1,68.9,72.2,75.5,68.9,71.3,73.8,57.0,59.4,61.8,70.2,NA,77.5,71.6,75.0,78.2,63.1,66.4,69.6,58.8,60.9,63.1,59.0,62.0,65.2,67.2,69.5,72.0,67.1,70.7,74.3,68.6,71.8,75.0,70.9,73.8,76.8,70.8,73.7,76.6,64.6,69.8,74.4,67.6,72.0,76.3,69.2,73.2,77.2,NA,NA,NA,72.3,74.5,76.7,NA,NA,NA,66.7,69.7,72.6,54.2,56.0,57.9,51.4,50.8,50.2,NA,NA,NA,73.9,76.9,80.2,71.2,73.0,74.8,69.6,72.8,76.0,72.2,74.8,77.4,60.6,64.6,68.6,66.3,71.1,75.7,67.2,70.7,74.3,NA,NA,NA,62.4,64.2,67.9,71.5,74.7,77.9,72.2,75.2,78.4,69.0,72.3,75.5,56.2,57.9,59.7,66.9,70.7,74.6,65.3,69.0,72.6,67.7,70.0,72.2,62.2,67.6,73.1,67.0,70.5,74.1,NA,NA,NA,72.2,75.0,78.0,54.2,56.5,58.7,69.1,72.9,76.8,54.8,57.5,60.7
1977,63.4,67.2,71.5,69.9,NA,76.8,68.5,72.2,75.5,69.5,72.8,76.2,68.2,70.7,73.4,57.5,59.8,62.2,NA,NA,NA,72.0,75.5,78.8,63.8,67.1,70.4,59.7,61.8,64.0,59.5,62.5,65.7,67.9,70.2,72.7,67.2,70.7,74.3,69.2,72.5,75.7,71.8,74.7,77.9,71.2,74.2,77.1,64.7,69.9,74.5,67.9,72.4,76.9,69.7,73.8,77.8,NA,NA,NA,72.4,74.7,77.0,NA,NA,NA,66.8,69.9,73.1,54.6,56.5,58.5,51.9,51.4,50.9,NA,NA,NA,73.3,76.3,79.6,71.3,73.0,74.7,70.0,73.4,76.7,72.7,75.3,78.0,60.9,65.0,69.1,66.2,71.0,75.5,68.2,72.1,76.2,NA,NA,NA,62.8,64.7,68.5,72.1,75.3,78.5,72.5,75.6,78.9,69.3,72.5,75.6,56.5,58.3,60.1,66.5,70.5,74.5,66.4,70.1,73.7,67.4,69.8,72.1,61.8,67.5,73.2,66.8,70.4,74.3,NA,NA,NA,72.4,75.5,78.7,54.6,56.9,59.2,69.5,73.3,77.2,55.2,58.0,61.2
1978,63.9,67.9,72.2,70.2,NA,77.2,68.5,72.3,75.7,69.4,72.8,76.1,68.7,71.1,73.6,57.9,60.2,62.7,NA,NA,NA,71.9,75.4,78.8,64.4,67.8,71.1,60.4,62.5,64.7,60.0,63.0,66.2,68.5,70.9,73.4,67.3,70.8,74.4,69.1,72.4,75.7,71.5,74.5,77.6,71.3,74.4,77.4,64.3,69.7,74.5,68.5,73.0,77.6,69.8,73.9,77.9,NA,NA,NA,72.9,75.3,77.5,NA,NA,NA,66.1,69.4,72.8,55.2,57.1,59.1,52.3,51.9,51.5,68.1,71.5,74.9,73.8,76.6,79.6,71.5,73.3,75.0,70.4,73.8,77.2,73.0,75.7,78.3,61.1,65.3,69.5,66.0,70.7,75.2,68.5,72.0,75.6,NA,NA,NA,63.1,65.5,69.0,72.0,75.3,78.5,72.6,75.7,78.9,69.6,72.7,75.8,56.8,58.6,60.6,66.4,70.4,74.5,67.1,70.5,73.9,67.3,69.8,72.3,61.8,67.5,73.2,66.9,70.5,74.2,NA,NA,NA,72.5,75.5,78.8,55.0,57.3,59.6,69.6,73.5,77.3,55.6,58.5,61.8
1979,64.4,68.2,72.3,70.8,NA,77.8,68.8,72.6,76.0,69.9,73.3,76.6,68.6,71.2,74.0,58.4,60.7,63.1,71.4,NA,78.8,72.3,75.7,79.0,65.1,68.4,71.8,61.1,63.2,65.5,60.4,63.5,66.7,69.1,71.5,74.1,67.4,70.9,74.4,69.5,72.8,76.0,71.2,74.3,77.5,71.8,75.0,78.0,64.1,69.4,74.2,69.0,73.2,77.5,70.1,74.2,78.3,NA,NA,NA,73.2,75.5,77.8,NA,NA,NA,66.2,69.7,73.2,55.7,57.6,59.5,52.7,52.5,52.3,69.5,72.3,75.0,NA,NA,NA,71.8,73.6,75.3,70.6,74.1,77.5,73.5,76.2,78.9,61.4,65.6,69.9,65.5,70.6,75.4,69.0,72.7,76.5,NA,NA,NA,63.6,65.9,69.6,72.5,75.7,78.9,72.4,75.6,79.1,69.8,72.9,76.0,57.1,59.0,61.0,66.8,70.9,74.9,67.9,71.3,74.7,66.9,69.5,72.1,61.5,67.3,73.0,67.2,70.8,74.6,NA,NA,NA,72.5,75.6,78.8,55.4,57.7,60.0,70.0,73.9,77.8,56.1,59.0,62.4
1980,64.7,68.5,72.5,71.0,NA,78.1,69.0,72.7,76.1,69.9,73.3,76.7,68.4,71.1,73.9,59.0,61.3,63.7,71.6,75.1,78.8,72.3,75.7,79.0,65.7,69.1,72.4,61.7,63.9,66.1,60.9,64.0,67.2,69.7,72.1,74.7,66.9,70.4,74.0,69.6,72.9,76.2,71.2,74.2,77.3,72.3,75.5,78.5,64.2,69.5,74.3,69.2,73.7,78.0,70.2,74.3,78.4,70.5,73.6,76.6,73.0,75.3,77.5,NA,NA,NA,65.5,69.1,72.8,56.4,58.2,60.0,53.1,53.1,53.0,70.1,72.9,75.6,73.5,76.8,80.4,72.1,73.9,75.7,70.6,74.0,77.4,73.4,76.1,78.8,61.9,66.1,70.4,65.4,70.5,75.4,70.0,72.8,75.6,NA,NA,NA,64.1,66.2,70.2,72.5,75.9,79.2,72.4,75.8,79.3,70.1,73.2,76.2,57.3,59.3,61.4,66.0,70.2,74.4,67.9,71.5,74.9,66.6,69.2,71.9,61.4,67.2,73.0,66.7,70.4,74.4,NA,NA,NA,72.8,75.8,79.0,55.8,58.1,60.3,70.0,73.7,77.4,56.5,59.4,62.8
1981,64.8,68.6,72.5,71.4,74.8,78.4,69.3,73.0,76.5,70.3,73.7,77.1,68.9,71.5,74.3,59.5,61.8,64.2,72.0,75.5,79.2,72.5,75.9,79.3,66.3,69.7,73.0,62.2,64.4,66.7,61.4,64.5,67.7,70.2,72.7,75.4,67.2,70.8,74.4,69.9,73.2,76.4,71.3,74.3,77.5,72.5,75.7,78.8,64.1,69.3,74.1,69.6,74.0,78.2,70.4,74.5,78.5,70.9,73.9,76.9,73.4,75.7,77.9,NA,NA,NA,65.5,69.2,73.0,57.0,58.8,60.6,53.5,53.6,53.7,70.1,72.9,75.6,73.4,76.4,79.8,72.7,74.3,75.9,70.9,74.3,77.6,73.8,76.5,79.1,62.4,66.7,70.9,65.3,70.5,75.4,68.9,72.6,76.3,NA,NA,NA,64.6,66.9,70.7,72.7,76.0,79.3,72.7,76.0,79.4,70.4,73.4,76.4,57.5,59.6,61.8,67.1,71.2,75.2,68.2,71.8,75.2,66.8,69.5,72.4,61.6,67.4,73.2,66.8,70.7,74.9,NA,NA,NA,73.1,76.1,79.3,56.3,58.5,60.7,70.4,74.1,77.8,56.9,59.8,63.2
1982,65.1,69.0,73.1,71.2,74.6,78.2,69.4,73.2,76.7,70.6,74.0,77.3,68.5,71.1,74.0,60.0,62.3,64.7,72.3,75.7,79.3,72.8,76.3,79.6,66.2,70.0,73.7,62.7,65.0,67.3,61.9,65.0,68.2,70.7,73.2,75.9,67.3,70.9,74.5,70.2,73.5,76.7,71.6,74.7,77.8,73.1,76.3,79.4,64.6,69.9,74.7,70.3,74.6,78.8,70.7,74.8,78.9,71.0,74.0,76.9,73.6,75.9,78.2,NA,NA,NA,65.7,69.4,73.3,57.5,59.1,60.8,54.0,54.2,54.4,70.1,72.9,75.6,74.6,77.0,79.6,72.5,74.2,75.8,71.3,74.7,78.0,74.2,76.9,79.7,62.9,67.2,71.5,65.7,70.9,75.8,68.9,72.7,76.4,NA,NA,NA,65.1,67.7,71.2,72.7,76.1,79.4,72.7,76.1,79.7,70.5,73.6,76.6,57.7,59.8,62.2,67.2,71.2,75.2,69.0,72.5,76.0,67.1,69.8,72.5,62.3,68.0,73.6,67.0,70.9,74.9,67.0,71.2,75.3,73.5,76.4,79.5,56.7,58.9,61.1,70.8,74.5,78.1,57.4,60.4,63.8
1983,65.1,68.9,73.0,72.1,75.4,78.8,69.5,73.3,76.7,70.6,73.9,77.3,68.5,71.3,74.4,60.5,62.9,65.3,72.7,76.1,79.6,72.7,76.2,79.7,66.7,70.4,74.1,63.2,65.5,67.8,62.4,65.5,68.6,71.1,73.7,76.4,67.1,70.7,74.4,70.5,73.8,77.0,71.5,74.5,77.7,72.9,76.1,79.1,64.4,69.8,74.8,70.3,74.5,78.5,70.7,74.8,78.8,71.3,74.3,77.2,73.4,75.7,78.0,NA,NA,NA,65.1,69.0,73.1,58.2,59.8,61.4,54.4,54.7,55.1,NA,NA,NA,73.3,76.7,80.6,72.8,74.5,76.2,71.5,74.8,78.1,74.2,77.0,79.8,63.4,67.7,71.9,65.7,70.8,75.7,69.9,73.5,77.1,NA,NA,NA,65.6,68.3,71.6,72.9,76.3,79.6,72.8,76.2,79.7,70.7,73.7,76.7,57.7,60.0,62.6,67.0,71.1,75.2,69.0,72.4,75.8,67.0,69.8,72.6,62.2,67.8,73.4,66.7,70.6,74.7,66.9,71.0,75.0,73.6,76.7,79.8,57.5,59.7,61.9,71.0,74.6,78.1,58.0,60.9,64.3
1984,65.5,69.3,73.2,72.5,75.7,79.0,70.1,73.9,77.3,71.0,74.5,78.0,68.5,71.4,74.6,61.0,63.3,65.8,73.0,76.4,79.8,73.4,76.9,80.3,67.3,70.9,74.5,63.6,65.9,68.3,62.8,65.9,69.1,71.5,74.1,76.9,67.4,70.9,74.6,71.0,74.3,77.5,71.7,74.7,77.8,73.1,76.4,79.7,64.6,69.6,74.3,70.5,74.9,79.0,71.2,75.3,79.3,71.7,74.6,77.6,73.8,76.2,78.6,NA,NA,NA,65.1,69.1,73.3,58.6,60.3,62.0,54.9,55.3,55.7,NA,NA,NA,74.8,77.6,80.5,73.1,75.0,76.6,71.8,75.0,78.2,74.5,77.4,80.2,64.0,68.3,72.6,65.1,70.3,75.3,69.7,73.3,76.9,NA,NA,NA,66.1,68.8,72.0,73.0,76.4,79.7,73.0,76.3,79.8,70.8,73.8,76.8,57.6,60.2,63.0,66.8,70.9,75.0,69.2,72.7,76.2,67.0,69.8,72.7,61.7,67.3,73.0,66.9,70.8,75.1,67.3,71.4,75.4,73.9,76.9,80.1,58.6,60.9,63.1,71.1,74.7,78.2,58.5,61.5,64.8
1985,65.4,69.2,73.2,72.4,75.5,78.8,70.4,74.1,77.4,71.1,74.6,78.1,68.1,71.1,74.3,61.4,63.8,66.3,73.0,76.4,79.8,73.5,77.0,80.4,67.8,71.3,74.8,64.0,66.3,68.7,63.3,66.4,69.6,71.8,74.4,77.2,67.5,71.2,74.8,71.6,75.1,78.2,71.5,74.5,77.6,73.1,76.4,79.6,64.6,69.8,74.5,70.2,74.5,78.7,71.3,75.4,79.4,71.6,74.5,77.4,73.5,76.0,78.4,NA,NA,NA,65.1,69.1,73.2,59.2,60.7,62.3,55.4,55.8,56.3,70.7,73.4,76.1,74.9,77.6,80.4,73.5,75.4,77.0,72.3,75.6,78.8,74.8,77.6,80.5,64.6,68.9,73.2,65.6,70.6,75.3,70.3,73.8,77.3,NA,NA,NA,66.6,69.0,72.4,73.1,76.5,79.8,72.6,76.0,79.5,71.0,74.0,77.0,57.6,60.5,63.6,66.9,71.1,75.3,69.4,73.0,76.5,66.4,69.3,72.3,62.7,68.0,73.2,67.0,70.9,75.0,67.7,71.9,76.0,73.8,76.8,79.8,59.8,62.1,64.3,71.1,74.7,78.2,59.0,61.9,65.0
1986,66.1,69.7,73.3,72.9,76.0,79.2,71.0,74.5,77.8,71.4,74.8,78.2,68.5,71.5,74.8,61.8,64.2,66.7,73.2,76.5,79.9,73.7,77.2,80.5,68.3,71.7,75.2,64.3,66.6,69.1,63.4,66.6,69.9,72.1,74.7,77.5,67.5,71.1,74.7,71.8,75.3,78.4,71.8,74.7,77.7,73.4,76.7,79.9,66.2,70.9,75.1,70.6,74.9,78.9,71.6,75.7,79.8,71.8,74.8,77.7,74.1,76.4,78.8,NA,NA,NA,65.3,69.3,73.3,59.8,61.3,62.9,55.8,56.3,56.9,70.8,73.5,76.4,75.4,78.0,80.7,73.2,75.1,76.8,72.6,75.9,79.1,75.2,78.1,80.9,65.3,69.5,73.8,67.8,72.3,76.4,70.7,74.7,78.7,NA,NA,NA,67.0,69.8,72.8,73.1,76.4,79.7,72.9,76.4,80.0,71.1,74.1,77.1,58.6,61.3,64.2,66.8,71.0,75.1,69.9,73.4,76.8,66.7,69.7,72.8,64.8,69.5,74.2,67.2,71.1,75.1,68.4,72.5,76.4,74.0,77.0,80.2,60.9,63.2,65.5,71.2,74.7,78.2,59.5,62.4,65.4
1987,66.7,70.1,73.6,73.1,76.2,79.5,71.5,75.0,78.2,72.0,75.4,78.9,68.3,71.3,74.6,62.2,64.6,67.2,73.5,76.8,80.2,74.0,77.5,80.9,68.7,72.1,75.5,64.6,67.0,69.4,63.4,66.8,70.2,72.4,75.0,77.8,67.9,71.6,75.3,72.2,75.8,78.9,71.8,74.8,77.9,73.5,76.9,80.2,66.3,70.9,75.1,70.7,74.9,78.8,72.1,76.3,80.5,72.3,75.1,78.0,73.9,76.2,78.6,NA,NA,NA,65.7,69.8,73.9,60.1,61.7,63.3,56.3,56.8,57.5,71.6,74.3,77.3,74.9,77.3,79.9,73.6,75.4,77.0,73.0,76.3,79.6,75.6,78.5,81.4,65.9,70.1,74.3,67.6,72.2,76.3,70.6,74.3,77.9,NA,NA,NA,67.3,70.1,73.1,73.5,76.9,80.3,72.8,76.2,79.7,71.5,74.5,77.4,59.3,62.0,65.0,67.8,71.5,75.2,70.3,73.8,77.2,66.1,69.0,72.0,64.8,69.6,74.3,67.4,71.3,75.4,68.2,72.4,76.5,74.2,77.2,80.3,62.1,64.4,66.7,71.4,74.9,78.3,59.8,62.9,65.9
1988,67.1,70.6,74.0,73.1,76.2,79.5,71.9,75.5,78.7,72.2,75.7,79.1,68.3,71.4,74.7,62.6,65.1,67.7,73.6,76.9,80.3,73.9,77.5,81.0,69.2,72.5,75.9,64.9,67.3,69.8,63.4,66.9,70.5,72.7,75.2,78.0,68.2,71.8,75.4,72.5,76.0,79.1,72.1,74.9,77.8,73.5,76.9,80.3,66.5,71.0,75.0,70.7,74.8,78.8,72.4,76.6,80.7,72.4,75.2,78.1,74.3,76.8,79.3,NA,NA,NA,66.2,70.2,74.2,60.5,62.0,63.4,56.7,57.3,58.0,71.7,74.4,77.3,74.4,77.1,79.9,73.9,75.6,77.5,73.2,76.5,79.7,75.5,78.4,81.3,66.5,70.7,74.8,67.4,72.0,76.3,71.0,75.0,79.0,NA,NA,NA,67.7,70.2,73.5,73.7,77.1,80.4,73.1,76.3,79.7,71.8,74.8,77.8,60.1,62.8,65.8,67.2,71.5,75.7,70.3,73.8,77.3,66.5,69.4,72.4,64.6,69.6,74.5,67.2,71.4,75.7,68.9,73.1,77.0,74.1,77.1,80.0,62.9,65.2,67.5,71.4,74.9,78.3,60.0,63.0,66.0
1989,67.7,71.1,74.4,73.3,76.4,79.6,71.9,75.6,78.8,72.3,75.7,79.1,68.2,71.4,74.8,62.9,65.5,68.1,73.9,77.2,80.5,74.1,77.7,81.2,69.7,73.0,76.2,65.2,67.6,70.1,63.4,67.1,70.9,72.9,75.5,78.2,68.2,71.8,75.5,72.6,76.1,79.2,72.0,74.9,77.9,73.4,77.0,80.5,65.7,70.5,74.9,70.9,75.0,79.0,72.5,76.7,80.9,72.6,75.4,78.1,74.5,77.0,79.5,NA,NA,NA,65.4,69.5,73.8,60.7,62.2,63.8,57.1,57.8,58.5,71.7,74.4,77.2,76.2,78.2,80.2,74.6,76.2,78.1,73.6,77.0,80.2,75.9,78.8,81.8,67.0,71.2,75.3,66.9,71.7,76.3,71.2,74.9,78.4,NA,NA,NA,67.9,70.5,73.6,73.7,76.9,80.1,73.3,76.6,80.0,72.2,75.2,78.1,60.9,63.6,66.6,66.8,71.2,75.5,70.9,74.4,77.9,66.7,69.7,72.7,64.2,69.3,74.4,67.0,71.2,75.6,69.3,73.5,77.5,74.8,77.8,80.7,63.4,65.7,68.0,71.7,75.1,78.5,60.1,63.3,66.5
1990,68.1,71.4,74.7,73.9,76.9,80.1,72.3,75.8,79.0,72.7,76.2,79.5,68.0,71.2,74.7,63.3,65.9,68.5,74.3,77.5,80.7,74.0,77.5,80.9,70.2,73.4,76.6,65.5,67.8,70.3,63.4,67.2,71.2,73.1,75.7,78.3,67.6,71.5,75.5,74.0,77.4,80.4,72.0,74.9,77.8,73.3,76.9,80.6,64.7,69.9,74.9,71.0,75.1,79.0,72.8,77.0,81.2,72.9,75.7,78.5,74.7,77.1,79.5,NA,NA,NA,65.2,69.4,73.8,61.1,62.7,64.3,57.5,58.2,59.1,72.1,74.8,77.7,75.5,78.1,80.7,74.9,76.7,78.4,73.8,77.1,80.3,75.9,78.9,81.9,67.5,71.7,75.9,66.4,71.5,76.3,72.4,75.7,78.7,NA,NA,NA,67.0,70.9,74.0,73.8,77.1,80.2,73.4,76.6,79.9,72.5,75.5,78.4,61.6,64.4,67.3,66.3,70.7,75.3,70.6,74.1,77.5,66.7,69.9,73.1,63.7,69.0,74.3,66.7,71.1,75.7,69.8,73.9,77.8,74.8,77.7,80.5,65.4,67.5,69.5,71.8,75.4,78.8,60.1,63.3,66.4
1991,68.6,71.8,75.0,74.4,77.3,80.4,72.3,75.9,79.1,72.9,76.3,79.7,68.0,71.1,74.4,63.1,66.0,69.0,74.5,77.7,80.8,74.2,77.8,81.4,70.7,73.8,76.9,65.7,68.0,70.4,63.4,67.4,71.5,73.3,75.8,78.5,68.2,72.0,75.8,72.2,75.7,78.8,72.5,75.3,78.1,73.4,77.1,80.7,64.4,69.8,75.0,71.4,75.5,79.5,73.0,77.2,81.4,73.1,75.9,78.6,74.8,77.3,79.8,NA,NA,NA,65.1,69.4,74.0,61.6,63.2,64.8,57.9,58.7,59.5,72.3,75.0,77.9,74.9,78.0,81.3,75.1,76.8,78.5,73.8,77.1,80.4,76.1,79.1,82.1,67.9,72.2,76.4,65.1,70.6,76.0,72.0,75.7,79.3,NA,NA,NA,68.6,71.6,74.6,74.1,77.2,80.3,74.0,77.1,80.2,72.9,75.8,78.7,62.4,65.1,68.0,65.9,70.4,75.1,70.5,74.1,77.7,66.8,70.1,73.5,63.4,68.8,74.2,66.9,71.1,75.5,69.5,73.6,77.5,75.0,77.8,80.7,65.7,67.8,69.8,72.0,75.5,78.9,59.9,63.4,66.7
1992,69.0,72.3,75.6,74.5,77.4,80.4,72.5,76.1,79.3,73.0,76.5,79.9,67.8,71.2,74.8,63.4,66.3,69.3,74.8,77.9,81.1,74.5,78.1,81.6,71.1,74.1,77.2,66.1,68.2,70.3,63.3,67.5,71.7,73.5,76.0,78.6,68.6,72.4,76.3,72.7,76.2,79.3,72.6,75.3,78.0,73.8,77.6,81.3,63.4,69.1,74.8,71.7,75.7,79.6,73.3,77.5,81.7,73.5,76.2,79.0,74.7,77.2,79.7,NA,NA,NA,64.7,69.2,74.0,62.1,63.5,65.0,58.3,59.1,60.0,72.7,75.4,78.3,76.8,78.8,80.8,74.7,76.6,78.4,74.2,77.5,80.8,76.1,79.2,82.2,68.4,72.6,76.8,64.8,70.5,76.0,71.9,75.3,78.6,NA,NA,NA,68.9,71.9,74.9,74.3,77.4,80.4,74.2,77.3,80.5,73.2,76.1,78.9,62.8,65.4,68.2,66.5,71.0,75.6,71.0,74.7,78.4,66.0,69.5,73.2,61.9,67.8,73.7,67.1,71.5,76.0,69.6,73.7,77.6,75.4,78.2,81.0,66.1,68.2,70.2,72.3,75.8,79.1,59.5,63.3,66.9
1993,69.1,72.4,75.7,75.0,77.9,80.9,72.8,76.3,79.5,73.0,76.5,79.9,67.6,71.2,75.1,63.8,66.7,69.8,74.7,77.8,80.9,75.0,78.4,81.7,71.4,74.4,77.5,66.6,68.7,71.0,63.3,67.6,72.0,73.7,76.2,78.8,69.3,72.9,76.5,72.8,76.2,79.4,72.6,75.2,77.8,74.0,77.7,81.3,62.3,68.1,74.0,72.1,75.9,79.5,73.4,77.5,81.7,73.5,76.1,78.8,75.1,77.6,80.1,NA,NA,NA,64.7,69.2,74.0,62.6,64.1,65.6,58.7,59.5,60.3,72.5,75.3,78.1,77.1,79.0,80.8,75.3,77.2,79.1,74.6,77.8,81.0,76.3,79.4,82.5,68.9,73.1,77.3,63.1,69.0,75.0,72.2,76.0,79.6,NA,NA,NA,69.2,72.0,74.9,74.0,77.1,80.1,74.2,77.2,80.3,73.5,76.3,79.1,63.5,66.1,68.9,67.2,71.5,75.9,71.0,74.6,78.1,65.9,69.5,73.4,58.8,65.3,71.8,67.8,72.0,76.3,69.4,73.6,77.6,75.5,78.2,80.9,66.4,68.5,70.6,72.2,75.5,78.8,59.5,63.3,67.1
1994,69.2,72.6,75.9,75.0,77.9,80.9,73.2,76.7,79.8,73.4,76.8,80.2,67.3,70.9,74.8,64.2,67.1,70.2,74.9,78.0,81.0,75.2,78.7,82.0,71.7,74.7,77.8,67.0,69.2,71.5,63.9,68.1,72.5,74.0,76.4,78.9,69.5,73.2,76.8,73.1,76.6,79.7,72.8,75.5,78.2,74.4,78.0,81.7,60.6,66.6,72.9,72.8,76.7,80.3,73.8,78.0,82.2,74.0,76.7,79.3,75.3,77.8,80.3,NA,NA,NA,65.0,69.6,74.5,62.9,64.6,66.3,59.1,59.8,60.7,73.1,75.8,78.6,77.1,79.3,81.5,75.5,77.4,79.4,74.8,78.0,81.2,76.6,79.8,83.0,69.3,73.5,77.7,62.5,68.6,74.9,73.2,76.7,79.9,NA,NA,NA,69.4,72.3,75.1,74.6,77.6,80.4,74.9,77.9,80.8,73.8,76.6,79.3,64.2,66.7,69.4,67.5,71.8,76.1,72.0,75.5,79.0,65.7,69.4,73.3,57.4,64.3,71.1,68.3,72.5,76.7,70.1,74.0,77.8,76.1,78.9,81.6,66.8,68.9,71.0,72.4,75.7,79.0,59.1,63.0,66.8
1995,70.2,73.2,76.0,75.0,77.8,80.8,73.4,76.9,80.1,73.5,77.0,80.4,67.4,71.0,74.9,64.6,67.6,70.6,75.1,78.1,81.0,75.4,78.7,81.9,72.0,75.0,78.1,67.4,69.5,71.7,64.5,68.6,72.9,74.2,76.6,79.1,69.7,73.3,76.8,73.3,76.7,79.9,72.7,75.3,77.9,74.4,78.1,81.8,61.4,67.7,74.3,72.8,76.7,80.4,73.9,78.1,82.2,74.0,76.6,79.2,75.2,77.8,80.4,NA,NA,NA,65.4,70.0,74.8,63.4,64.9,66.4,59.5,60.2,61.0,72.8,75.5,78.3,76.0,78.0,80.1,75.5,77.4,79.5,75.0,78.3,81.5,76.4,79.6,82.9,69.7,73.8,77.9,63.3,69.1,75.1,73.0,76.8,80.6,NA,NA,NA,69.5,72.2,75.0,74.6,77.6,80.5,74.8,77.9,80.9,74.1,76.8,79.5,64.8,67.2,69.8,67.7,72.0,76.4,71.7,75.4,79.0,65.5,69.3,73.5,58.1,64.9,71.6,68.4,72.4,76.5,70.8,74.7,78.5,76.2,79.0,81.7,67.2,69.3,71.3,72.5,75.8,78.9,58.8,62.6,66.2
1996,70.0,73.1,76.2,75.2,78.1,81.1,73.7,77.1,80.2,73.9,77.3,80.7,67.4,70.8,74.5,64.9,67.9,71.1,75.4,78.3,81.2,76.0,79.2,82.2,72.3,75.3,78.4,67.8,70.0,72.3,65.0,69.1,73.4,74.4,76.8,79.2,70.4,74.0,77.5,73.6,77.0,80.1,73.1,75.7,78.3,74.5,78.3,82.0,64.2,69.9,75.6,73.1,77.0,80.7,74.2,78.2,82.3,74.2,76.8,79.4,75.3,77.9,80.6,NA,NA,NA,66.3,70.6,75.0,63.7,65.2,66.8,59.9,60.6,61.4,73.1,75.8,78.7,76.5,78.8,81.2,76.3,78.1,80.0,75.4,78.7,81.8,77.0,80.3,83.6,70.2,74.2,78.3,64.6,70.3,75.9,73.3,76.8,80.2,NA,NA,NA,70.0,72.7,75.4,74.7,77.6,80.5,75.4,78.3,81.2,74.4,77.1,79.7,65.2,67.6,70.3,68.1,72.3,76.6,71.6,75.3,79.0,65.1,68.8,72.8,59.6,66.0,72.4,68.8,72.9,77.0,71.1,75.2,79.0,76.6,79.2,81.7,67.6,69.7,71.8,73.1,76.1,79.1,58.4,62.3,65.7
1997,70.1,73.3,76.4,75.6,78.4,81.3,74.1,77.5,80.7,74.2,77.5,80.7,67.0,70.3,73.8,65.4,68.4,71.6,75.7,78.5,81.3,76.3,79.4,82.2,72.5,75.6,78.7,68.2,70.3,72.5,65.6,69.6,73.8,74.6,76.9,79.4,70.5,74.1,77.6,74.1,77.4,80.5,73.6,76.1,78.6,75.2,78.8,82.4,64.2,70.1,75.9,73.5,77.2,80.7,74.6,78.6,82.6,74.5,77.0,79.5,75.7,78.4,81.0,NA,NA,NA,66.7,71.1,75.5,63.9,65.4,66.9,60.3,61.0,61.7,73.4,76.0,78.7,76.3,78.9,81.6,76.0,78.1,80.1,75.8,79.0,82.0,77.2,80.5,83.8,70.7,74.7,78.7,65.5,71.1,76.6,74.0,77.1,80.0,NA,NA,NA,70.4,73.1,75.9,75.2,78.0,80.7,75.5,78.3,81.1,74.8,77.4,80.0,65.7,68.1,70.8,68.5,72.7,77.0,72.2,75.8,79.4,65.2,69.1,73.3,60.9,66.9,72.8,68.9,72.9,76.9,71.1,75.2,79.1,76.8,79.4,82.0,68.0,70.1,72.2,73.6,76.5,79.4,57.8,61.5,64.7
1998,69.7,73.1,76.5,75.9,78.6,81.5,74.5,77.9,81.0,74.4,77.6,80.7,67.4,70.9,74.6,65.7,68.8,72.0,76.0,78.7,81.4,76.4,79.6,82.7,72.8,75.8,78.9,68.6,70.7,72.9,66.1,70.1,74.2,74.8,77.1,79.5,71.2,74.7,78.2,74.5,77.8,80.8,74.0,76.5,79.0,75.3,78.8,82.4,63.9,69.7,75.4,73.6,77.4,81.0,74.9,78.8,82.7,74.7,77.2,79.8,75.8,78.3,80.9,NA,NA,NA,66.5,71.0,75.6,64.1,65.7,67.3,60.7,61.4,62.1,73.4,76.2,79.1,77.7,79.7,81.6,76.1,78.2,80.3,76.0,79.1,82.1,77.2,80.6,84.0,71.2,75.1,79.0,66.0,71.4,76.7,73.7,77.3,80.8,NA,NA,NA,70.7,73.5,76.3,75.2,78.1,80.8,75.6,78.5,81.4,75.2,77.7,80.2,66.1,68.6,71.2,68.9,73.1,77.4,72.4,76.0,79.6,66.3,69.9,73.8,61.2,67.2,73.1,68.6,72.8,77.0,71.3,75.3,79.2,76.9,79.5,82.1,68.3,70.3,72.3,73.8,76.7,79.5,57.3,60.8,63.8
1999,70.1,73.5,76.8,76.2,78.9,81.8,74.9,78.1,81.0,74.4,77.7,81.0,68.2,71.6,75.0,66.1,69.2,72.4,76.2,78.9,81.6,76.8,79.9,82.7,73.1,76.1,79.2,68.9,71.2,73.6,66.6,70.5,74.6,75.0,77.3,79.7,71.5,74.9,78.3,74.8,78.0,81.0,74.2,76.6,79.0,75.3,78.8,82.3,65.0,70.6,76.1,73.8,77.6,81.2,75.1,78.9,82.7,74.9,77.4,79.8,75.9,78.5,81.1,NA,NA,NA,66.7,71.1,75.6,64.5,66.0,67.5,61.0,61.8,62.6,73.4,76.1,78.9,77.4,79.4,81.4,76.6,78.5,80.4,76.4,79.6,82.6,77.1,80.5,84.0,71.8,75.5,79.2,66.3,71.8,77.0,74.4,78.0,81.4,NA,NA,NA,71.3,74.0,76.7,75.3,78.0,80.5,75.6,78.4,81.2,75.6,78.1,80.5,66.6,69.1,71.7,68.8,73.1,77.5,72.7,76.2,79.8,67.1,70.6,74.2,59.9,66.1,72.4,69.0,73.2,77.4,71.8,75.7,79.5,77.1,79.6,82.0,68.6,70.7,72.7,73.9,76.7,79.4,56.6,60.0,62.9
2000,70.4,73.7,77.0,76.6,79.2,82.0,75.2,78.3,81.2,74.6,77.9,81.0,68.4,71.6,75.0,66.4,69.5,72.8,76.6,79.3,81.8,77.0,80.0,82.8,73.4,76.4,79.5,69.4,71.4,73.6,67.1,71.0,75.0,75.5,77.8,80.2,71.6,75.1,78.5,75.1,78.3,81.2,74.5,76.9,79.2,75.8,79.3,82.8,65.6,71.1,76.4,74.2,77.8,81.2,75.4,79.2,83.0,75.4,77.8,80.2,75.9,78.6,81.3,NA,NA,NA,67.5,71.9,76.2,64.5,66.2,68.0,61.4,62.2,63.1,74.0,76.6,79.2,77.8,79.7,81.6,76.7,78.8,80.9,76.9,79.9,82.8,77.7,81.2,84.6,72.3,76.0,79.7,66.7,72.1,77.4,74.6,78.0,81.3,NA,NA,NA,72.0,74.7,77.4,75.6,78.2,80.7,76.0,78.8,81.5,75.9,78.4,80.8,67.3,69.7,72.3,69.6,73.8,78.0,73.3,76.8,80.4,67.7,71.2,74.8,59.0,65.7,72.3,69.2,73.3,77.5,72.2,76.2,79.9,77.4,79.8,82.0,69.0,71.1,73.1,74.1,76.8,79.3,56.0,59.2,62.0
2001,70.6,73.9,77.2,77.0,79.6,82.4,75.6,78.8,81.7,74.9,78.1,81.2,68.6,71.9,75.4,66.3,69.7,73.4,76.9,79.5,82.0,77.5,80.5,83.2,73.6,76.6,79.8,69.7,71.9,74.2,67.6,71.4,75.4,75.7,78.1,80.4,72.0,75.3,78.5,75.6,78.6,81.4,74.7,77.0,79.3,76.3,79.8,83.2,65.2,70.9,76.5,74.6,78.2,81.7,75.5,79.3,83.0,75.7,78.0,80.4,76.3,79.1,81.9,70.9,74.6,78.1,68.2,72.5,76.7,64.9,66.4,68.0,61.8,62.7,63.6,74.5,77.2,79.9,78.3,80.7,83.2,77.3,79.3,81.2,77.2,80.3,83.2,78.1,81.5,84.9,72.9,76.5,80.1,65.9,71.6,77.4,75.1,78.0,80.7,NA,NA,NA,72.4,75.0,77.7,75.8,78.4,80.8,76.2,79.0,81.6,76.3,78.7,81.1,68.0,70.4,72.9,70.0,74.2,78.4,73.6,77.2,80.7,67.5,71.1,74.9,58.9,65.6,72.2,69.5,73.6,77.7,72.3,76.4,80.4,77.6,79.9,82.2,69.4,71.5,73.5,74.3,77.0,79.5,55.4,58.5,61.0
2002,70.7,74.2,77.6,77.4,79.9,82.6,75.8,78.9,81.7,75.1,78.2,81.2,68.8,72.1,75.5,66.6,70.2,74.0,77.2,79.6,82.0,77.9,80.6,83.2,73.9,76.9,80.0,70.2,72.6,75.3,68.0,71.8,75.7,76.0,78.3,80.6,72.1,75.4,78.7,75.7,78.6,81.3,74.8,77.1,79.4,76.4,79.8,83.3,65.6,71.4,77.2,74.9,78.3,81.6,75.8,79.4,83.0,75.8,78.2,80.5,76.4,79.2,82.0,71.0,74.7,78.3,68.3,72.6,76.7,65.0,66.8,68.5,62.1,63.1,64.1,75.0,77.7,80.4,78.6,80.6,82.5,77.5,79.6,81.5,77.4,80.4,83.2,78.3,81.8,85.2,73.4,76.8,80.3,66.1,71.8,77.4,74.6,78.1,81.5,64.4,70.2,75.8,72.4,75.1,77.7,76.0,78.5,80.7,76.4,79.0,81.6,76.7,79.0,81.3,68.8,71.0,73.4,70.3,74.5,78.8,73.9,77.4,80.8,67.3,70.9,74.6,58.7,65.3,71.9,69.8,73.8,77.7,72.6,76.6,80.5,77.7,80.0,82.1,69.8,71.9,73.9,74.4,77.0,79.6,54.6,57.3,59.5
2003,70.8,74.4,78.1,77.8,80.2,82.8,75.9,78.8,81.5,75.3,78.3,81.1,68.9,72.3,75.9,66.8,70.4,74.2,77.3,79.8,82.2,78.0,80.7,83.2,74.2,77.1,80.2,70.5,73.0,75.6,68.5,72.2,76.1,76.1,78.5,80.8,72.0,75.3,78.6,75.8,78.6,81.3,75.0,77.4,79.8,76.4,79.7,83.0,66.4,71.9,77.2,75.1,78.6,81.9,75.8,79.3,82.8,76.1,78.3,80.5,76.6,79.3,82.0,71.0,74.6,78.1,68.4,72.6,76.7,65.6,67.1,68.7,62.6,63.6,64.7,75.7,78.2,80.7,79.5,81.0,82.5,77.6,79.8,81.8,77.3,80.1,82.8,78.4,81.8,85.3,73.8,77.3,80.8,66.4,72.0,77.7,74.8,77.9,80.8,65.3,70.6,75.7,72.4,75.1,77.7,76.3,78.7,81.0,77.1,79.6,82.1,77.0,79.3,81.5,69.5,71.7,73.9,70.5,74.7,78.8,74.2,77.5,80.8,67.4,71.0,74.8,58.5,65.2,71.9,69.8,73.8,77.7,72.5,76.4,80.3,78.0,80.3,82.5,70.2,72.3,74.4,74.5,77.2,79.7,53.2,55.7,57.7
2004,70.8,74.1,77.3,78.1,80.5,83.0,76.4,79.3,82.1,76.0,79.0,81.9,69.0,72.5,76.2,67.2,70.7,74.4,77.7,80.1,82.4,78.6,81.3,83.8,74.4,77.4,80.5,70.9,73.4,76.0,68.9,72.6,76.5,76.2,78.6,81.0,72.5,75.9,79.1,76.5,79.3,81.9,75.4,77.8,80.2,77.0,80.4,83.7,66.7,72.4,78.0,75.4,79.0,82.5,76.7,80.4,83.9,76.6,78.8,81.0,76.6,79.4,82.2,71.8,75.4,78.8,68.7,73.0,77.2,65.6,67.4,69.2,63.0,64.1,65.3,76.1,78.6,81.1,78.9,81.1,83.2,78.0,80.3,82.4,78.0,80.9,83.7,78.6,82.1,85.6,74.3,77.8,81.2,66.2,72.0,77.7,76.0,79.2,82.4,65.6,70.9,76.0,72.8,75.4,78.0,76.9,79.3,81.5,77.6,80.1,82.5,77.4,79.6,81.7,70.2,72.2,74.4,70.6,74.9,79.2,75.0,78.4,81.8,67.8,71.4,75.1,58.9,65.6,72.4,70.3,74.2,78.0,73.5,77.2,80.8,78.4,80.7,82.8,70.6,72.7,74.8,75.0,77.6,80.1,52.0,54.3,56.2
2005,71.5,74.9,78.1,78.5,80.8,83.3,76.6,79.5,82.2,76.2,79.1,81.9,69.0,72.5,76.2,67.5,71.1,74.9,77.8,80.2,82.5,78.7,81.5,84.0,74.7,77.6,80.7,71.3,73.7,76.4,69.3,73.0,76.8,76.4,78.8,81.2,72.9,76.1,79.2,76.7,79.4,82.0,76.0,78.3,80.5,77.0,80.3,83.6,67.6,73.0,78.2,75.6,79.1,82.5,76.8,80.4,83.9,76.9,79.0,81.2,76.8,79.6,82.5,71.7,75.3,78.8,68.7,73.0,77.2,64.4,65.8,67.1,63.3,64.5,65.8,76.7,79.0,81.3,79.6,81.5,83.5,78.2,80.3,82.2,78.1,80.9,83.6,78.6,82.0,85.5,74.9,78.2,81.6,65.2,71.2,77.4,76.7,79.6,82.3,64.9,70.6,76.3,72.6,75.2,77.8,77.2,79.6,81.7,77.8,80.3,82.7,77.7,79.8,81.9,70.7,72.7,74.7,70.8,75.0,79.3,74.9,78.2,81.5,68.4,71.9,75.4,58.9,65.7,72.5,70.2,74.1,78.1,73.9,77.5,80.9,78.5,80.7,82.9,71.0,73.1,75.2,75.0,77.6,80.1,51.9,54.0,55.7
2006,71.7,75.1,78.5,78.7,81.0,83.5,77.1,80.1,82.8,76.6,79.5,82.3,69.2,72.7,76.3,68.3,71.8,75.4,78.3,80.7,82.9,79.2,81.8,84.2,74.9,77.8,80.9,71.6,74.1,76.8,69.6,73.3,77.0,76.5,79.0,81.4,73.5,76.7,79.9,77.2,79.9,82.4,76.1,78.4,80.7,77.8,81.1,84.4,67.6,73.2,78.6,75.9,79.5,83.1,77.4,81.0,84.5,77.2,79.3,81.5,77.1,79.9,82.7,72.4,75.9,79.3,69.2,73.5,77.8,66.0,67.6,69.3,63.7,65.0,66.4,76.9,79.3,81.7,79.5,81.2,82.9,78.7,80.7,82.5,78.6,81.4,84.1,79.0,82.4,85.8,75.4,78.8,82.1,65.0,71.0,77.1,76.8,79.4,81.9,65.0,70.6,76.1,72.9,75.5,78.2,77.7,80.0,82.0,78.2,80.6,82.9,78.0,80.1,82.2,71.1,73.0,75.0,70.9,75.3,79.7,75.5,79.0,82.5,69.0,72.5,76.1,60.4,66.9,73.3,70.4,74.5,78.4,74.5,78.3,82.0,78.8,81.0,83.1,71.2,73.4,75.6,75.2,77.8,80.3,52.1,54.0,55.4
2007,72.1,75.4,78.7,79.0,81.3,83.7,77.4,80.3,83.1,77.1,79.9,82.6,69.5,73.0,76.6,68.5,72.0,75.7,78.3,80.7,82.9,79.5,82.0,84.4,75.1,78.1,81.1,72.0,74.5,77.2,69.9,73.5,77.3,76.6,79.1,81.6,73.8,77.0,80.2,77.4,80.1,82.7,76.2,78.4,80.6,77.9,81.1,84.4,67.5,73.2,78.9,76.0,79.6,83.1,77.6,81.3,84.8,77.4,79.5,81.6,76.9,79.7,82.5,72.2,75.8,79.2,69.4,73.6,77.8,66.0,67.9,69.8,64.1,65.4,66.9,77.3,79.7,82.1,79.6,81.5,83.4,78.7,80.7,82.4,78.8,81.6,84.2,79.2,82.6,86.0,75.9,79.2,82.5,64.5,70.7,77.2,76.7,79.5,82.2,65.3,70.8,76.2,72.7,75.4,78.0,78.1,80.4,82.5,78.3,80.6,82.9,78.2,80.3,82.3,71.2,73.2,75.2,71.0,75.4,79.8,75.9,79.3,82.5,69.5,73.1,76.8,61.5,67.7,74.0,70.6,74.6,78.4,74.6,78.4,82.0,79.0,81.1,83.1,71.4,73.7,75.9,75.5,78.1,80.6,52.2,54.3,55.9
2008,71.5,75.0,78.5,79.2,81.4,83.7,77.7,80.6,83.3,76.9,79.8,82.6,69.8,73.3,77.0,69.0,72.4,75.9,78.5,80.8,83.1,79.8,82.3,84.6,75.4,78.3,81.3,72.2,74.8,77.5,70.2,73.8,77.5,76.8,79.3,81.8,74.1,77.3,80.5,77.6,80.2,82.7,76.5,78.8,81.0,78.3,81.5,84.6,68.9,74.4,79.5,76.5,79.9,83.3,77.9,81.4,84.8,77.6,79.6,81.7,77.5,80.2,83.0,72.3,76.0,79.7,70.0,74.2,78.3,66.5,68.2,69.9,64.4,65.8,67.3,77.9,80.2,82.4,80.0,81.6,83.3,79.0,81.1,83.0,78.9,81.7,84.2,79.3,82.7,86.1,76.2,79.6,83.0,65.9,71.7,77.6,78.1,80.7,83.1,66.5,72.1,77.5,72.2,75.2,78.1,78.4,80.5,82.5,78.4,80.8,83.2,78.4,80.5,82.5,71.3,73.2,75.3,71.3,75.6,80.0,76.2,79.5,82.7,69.7,73.5,77.5,61.9,68.1,74.3,70.9,74.9,79.0,75.5,79.1,82.6,79.2,81.3,83.3,71.5,73.9,76.2,75.6,78.2,80.6,52.7,55.0,56.9
2009,72.3,75.6,78.9,79.3,81.5,83.9,77.6,80.5,83.2,77.4,80.2,82.8,70.2,73.7,77.4,69.4,72.7,76.1,78.9,81.2,83.3,79.9,82.3,84.6,75.6,78.5,81.5,72.4,74.9,77.6,70.5,74.0,77.7,76.9,79.4,82.0,74.3,77.4,80.5,77.8,80.3,82.8,76.9,79.0,81.1,78.8,81.9,85.0,70.0,75.3,80.3,76.6,80.1,83.5,78.0,81.6,85.0,78.1,80.1,82.2,77.5,80.4,83.3,72.8,76.3,79.7,70.3,74.4,78.4,66.5,68.2,69.9,64.7,66.1,67.8,77.8,80.2,82.7,79.8,81.8,83.8,79.6,81.5,83.3,79.1,81.8,84.3,79.6,83.0,86.4,76.7,80.0,83.4,67.1,72.9,78.7,78.1,80.8,83.3,67.5,72.8,77.7,71.9,74.9,77.9,78.7,80.9,82.9,78.7,81.0,83.2,78.7,80.7,82.6,71.4,73.4,75.5,71.5,75.9,80.1,76.5,79.7,82.8,69.8,73.7,77.7,62.9,68.8,74.8,71.4,75.3,79.1,75.9,79.4,82.7,79.4,81.5,83.5,71.7,74.1,76.5,76.0,78.5,80.9,53.5,56.0,58.1
2010,72.7,75.9,79.1,79.5,81.7,84.0,77.8,80.7,83.5,77.5,80.3,83.0,70.3,73.8,77.4,69.7,72.9,76.3,79.2,81.4,83.5,80.3,82.7,84.9,75.9,78.7,81.7,72.8,75.3,78.1,70.8,74.3,77.9,76.6,79.1,81.6,74.5,77.7,80.9,78.0,80.5,83.0,77.2,79.3,81.4,79.2,82.4,85.5,70.9,76.0,80.8,76.9,80.2,83.5,78.3,81.9,85.3,78.4,80.4,82.3,78.0,80.6,83.3,73.4,76.7,79.9,70.7,74.7,78.6,66.6,68.5,70.4,65.0,66.5,68.2,78.5,80.8,83.1,79.8,81.9,84.1,79.7,81.7,83.6,79.5,82.2,84.7,79.6,82.9,86.3,76.8,80.2,83.6,67.6,73.3,78.9,77.9,80.8,83.5,67.9,73.1,78.0,71.6,74.8,77.9,78.9,81.0,83.0,79.0,81.2,83.3,78.9,80.8,82.7,71.4,73.5,75.7,72.2,76.4,80.7,76.8,80.1,83.2,70.0,73.7,77.7,63.1,69.0,74.9,71.8,75.6,79.3,76.4,79.8,83.1,79.6,81.6,83.6,71.8,74.3,76.8,76.2,78.7,81.0,54.7,57.4,59.7
2011,72.5,75.7,78.8,79.7,81.9,84.2,78.3,81.1,83.8,78.0,80.7,83.3,70.7,74.2,77.8,69.8,73.2,76.6,79.4,81.6,83.7,80.5,82.8,85.0,76.1,79.0,81.9,73.1,75.6,78.3,71.1,74.5,78.1,76.6,79.1,81.6,74.8,78.0,81.1,77.9,80.6,83.1,77.8,79.9,81.9,79.5,82.6,85.6,71.4,76.6,81.3,77.3,80.6,83.8,78.8,82.3,85.7,78.8,80.7,82.7,78.0,80.8,83.6,73.8,77.2,80.4,71.2,75.1,78.7,66.9,68.7,70.4,65.3,66.9,68.6,78.6,80.9,83.0,80.7,82.4,84.1,79.9,81.8,83.5,79.7,82.4,84.8,79.4,82.7,85.9,77.3,80.6,84.0,68.1,73.7,79.3,78.5,81.1,83.6,68.6,73.9,78.8,71.8,74.9,78.0,79.4,81.3,83.1,79.1,81.4,83.6,79.1,81.0,82.9,71.6,73.7,75.9,72.5,76.8,81.1,77.3,80.7,83.8,70.8,74.4,78.2,64.0,69.8,75.6,72.3,76.1,79.8,76.8,80.1,83.3,79.9,81.9,83.8,72.0,74.6,77.1,76.3,78.7,81.1,56.1,58.9,61.3
2012,72.8,76.1,79.3,79.9,82.0,84.3,78.4,81.1,83.6,77.8,80.5,83.1,70.9,74.4,77.9,70.1,73.3,76.7,79.6,81.8,83.8,80.6,82.8,84.9,76.3,79.2,82.1,73.4,75.9,78.6,71.4,74.7,78.3,76.9,79.4,81.9,75.1,78.1,81.2,78.1,80.7,83.1,78.1,80.2,82.1,79.5,82.5,85.5,71.4,76.7,81.5,77.7,80.7,83.7,78.7,82.1,85.4,79.0,80.8,82.7,78.0,80.7,83.4,73.9,77.3,80.6,71.6,75.3,78.7,67.1,68.8,70.6,65.8,67.4,69.1,78.7,80.9,83.1,81.6,83.0,84.3,79.9,81.8,83.6,79.8,82.4,84.8,79.9,83.2,86.4,77.6,80.9,84.2,68.4,74.1,79.6,79.1,81.5,83.8,68.9,74.1,78.9,72.0,75.0,78.0,79.3,81.2,83.0,79.5,81.5,83.5,79.3,81.2,83.0,72.1,74.1,76.3,72.6,76.9,81.1,77.3,80.6,83.6,70.9,74.4,78.1,64.6,70.2,75.9,72.5,76.3,79.9,77.1,80.3,83.3,79.9,81.8,83.6,72.0,74.6,77.2,76.4,78.8,81.2,57.7,60.7,63.1
2013,72.9,76.5,80.0,80.1,82.1,84.3,78.6,81.3,83.8,78.1,80.7,83.2,71.3,74.9,78.6,70.3,73.6,76.9,79.7,81.8,83.9,80.7,82.9,85.0,76.6,79.4,82.3,73.6,76.2,79.0,71.7,75.0,78.5,77.1,79.6,82.1,75.2,78.3,81.3,78.1,80.6,83.0,78.3,80.4,82.4,80.2,83.2,86.1,72.8,77.5,81.7,78.0,81.1,84.1,79.0,82.4,85.6,79.0,80.9,82.8,78.7,81.4,84.0,74.5,77.8,81.0,72.2,75.8,79.1,67.2,69.0,70.8,66.3,67.9,69.6,78.9,81.0,83.1,80.5,82.1,83.7,80.3,82.1,83.9,80.3,82.9,85.2,80.2,83.4,86.6,78.1,81.4,84.6,68.5,74.1,79.6,79.8,81.9,83.9,69.3,74.3,78.9,72.1,75.0,78.0,79.5,81.4,83.2,79.8,81.8,83.8,79.5,81.4,83.2,72.5,74.5,76.7,73.0,77.1,81.2,77.6,80.9,84.0,71.6,75.1,78.7,65.1,70.7,76.3,72.9,76.6,80.1,77.2,80.5,83.6,80.2,82.0,83.8,75.3,78.0,80.7,76.4,78.8,81.2,58.8,61.8,64.4
2014,73.0,76.5,79.9,80.3,82.3,84.4,79.1,81.6,84.0,78.8,81.4,83.9,71.1,74.5,78.0,70.7,73.9,77.1,79.8,81.9,83.9,81.1,83.3,85.4,76.8,79.6,82.5,73.9,76.5,79.2,71.9,75.2,78.7,77.2,79.7,82.3,75.8,78.9,82.0,78.7,81.2,83.6,78.7,80.7,82.8,80.4,83.3,86.2,72.4,77.4,81.9,78.4,81.3,84.1,79.5,82.9,86.1,79.3,81.1,83.0,78.8,81.5,84.1,74.7,77.9,81.0,72.3,76.0,79.4,67.2,69.3,71.3,67.0,68.5,70.1,79.3,81.4,83.5,81.3,82.9,84.5,80.3,82.2,84.1,80.7,83.2,85.6,80.5,83.7,86.8,78.6,81.8,85.0,69.2,74.7,80.1,79.4,82.3,85.2,69.1,74.5,79.4,72.1,75.0,77.8,80.0,81.8,83.5,80.1,82.2,84.2,79.6,81.4,83.2,72.9,75.0,77.1,73.7,77.8,81.7,78.0,81.3,84.4,71.3,75.0,78.7,65.3,70.9,76.5,73.3,77.0,80.5,78.2,81.2,84.1,80.4,82.3,84.2,75.3,78.0,80.7,76.5,78.9,81.3,59.4,62.5,65.3
2015,73.4,76.8,80.0,80.4,82.4,84.5,78.8,81.3,83.7,78.7,81.1,83.4,71.2,74.7,78.2,71.2,74.3,77.4,79.9,81.9,83.9,80.8,83.0,85.1,77.0,79.8,82.7,74.1,76.7,79.5,72.2,75.4,78.9,77.4,79.9,82.4,75.7,78.7,81.6,78.3,80.7,83.1,78.8,80.8,82.7,80.1,83.0,85.7,73.2,78.0,82.2,78.7,81.6,84.4,79.2,82.4,85.6,79.0,80.9,82.7,78.5,81.1,83.7,74.4,77.5,80.5,72.3,75.7,79.0,67.6,69.5,71.5,67.7,69.1,70.6,79.6,81.5,83.4,81.2,82.5,83.8,80.1,82.2,84.1,80.3,82.7,84.9,80.8,83.9,87.0,79.0,82.1,85.2,69.2,74.6,79.7,80.0,82.4,84.7,69.7,74.8,79.5,71.9,74.7,77.6,79.9,81.6,83.2,80.5,82.4,84.2,79.7,81.5,83.3,73.3,75.3,77.4,73.5,77.5,81.6,78.1,81.3,84.3,71.4,74.9,78.6,65.9,71.3,76.7,73.1,76.7,80.2,77.8,80.9,83.9,80.4,82.2,84.1,75.3,78.0,80.7,76.3,78.7,81.1,60.1,63.4,66.3
2016,73.3,76.8,80.2,80.4,82.4,84.6,79.3,81.8,84.1,79.0,81.5,84.0,71.3,74.9,78.5,71.1,74.3,77.6,79.9,82.0,84.0,81.7,83.7,85.6,77.2,80.0,82.9,74.4,77.0,79.8,72.5,75.7,79.1,77.5,80.0,82.6,76.1,79.1,82.1,78.6,81.0,83.5,79.0,80.9,82.8,80.5,83.5,86.3,73.3,78.0,82.2,78.6,81.5,84.4,79.5,82.7,85.8,79.2,81.0,82.9,78.9,81.5,84.0,75.0,78.2,81.3,72.6,76.2,79.7,67.8,69.7,71.6,68.3,69.6,71.1,79.8,81.7,83.6,80.4,82.2,84.1,80.7,82.5,84.2,81.0,83.4,85.6,81.0,84.1,87.1,79.3,82.4,85.4,69.5,74.9,80.1,80.1,82.7,85.4,69.8,74.9,79.6,72.0,74.8,77.7,80.0,81.7,83.2,80.7,82.5,84.2,79.8,81.6,83.4,73.6,75.6,77.7,73.9,78.0,82.0,78.1,81.3,84.3,71.6,75.2,79.0,66.5,71.8,77.1,73.8,77.3,80.7,78.2,81.2,84.3,80.6,82.4,84.1,75.3,78.0,80.7,76.2,78.7,81.1,60.7,64.0,66.8
2017,72.9,76.3,79.7,80.5,82.5,84.6,79.4,81.7,84.0,79.2,81.6,83.9,71.4,74.8,78.4,71.1,74.4,77.8,79.8,81.9,84.0,81.6,83.7,85.6,77.4,80.2,83.0,74.6,77.2,80.1,72.7,75.9,79.3,77.6,80.2,82.7,76.1,79.1,82.0,78.7,81.1,83.4,79.2,81.1,83.1,80.6,83.4,86.1,73.8,78.4,82.6,78.9,81.7,84.5,79.6,82.7,85.7,79.3,81.1,83.0,78.8,81.4,83.9,74.9,78.0,81.0,72.5,76.0,79.3,67.9,69.8,71.8,68.8,70.1,71.5,80.4,82.2,84.0,81.1,82.6,84.3,80.6,82.7,84.6,80.8,83.1,85.2,81.1,84.2,87.3,79.7,82.7,85.7,70.7,75.8,80.5,79.9,82.1,84.4,69.8,74.9,79.7,72.0,74.9,77.8,80.2,81.8,83.4,81.0,82.7,84.3,79.9,81.7,83.4,73.7,75.8,78.0,73.9,77.8,81.8,78.4,81.6,84.6,71.6,75.2,79.0,67.5,72.6,77.6,73.8,77.3,80.7,78.2,81.2,84.0,80.8,82.5,84.1,75.3,78.1,80.8,76.1,78.6,81.1,61.3,64.7,67.8
2018,73.5,76.8,80.1,80.7,82.7,84.9,79.4,81.8,84.1,79.4,81.7,83.9,71.5,75.0,78.6,71.6,74.8,78.0,79.8,81.9,84.0,81.9,83.8,85.7,77.7,80.4,83.2,74.4,77.2,80.3,73.3,76.5,79.8,77.8,80.3,82.9,76.2,79.1,82.0,78.6,81.0,83.3,79.1,81.0,82.9,80.7,83.5,86.3,74.0,78.5,82.7,79.1,81.8,84.5,79.7,82.8,85.8,79.2,81.1,82.9,79.3,81.9,84.4,74.9,78.2,81.5,72.7,76.2,79.6,68.0,69.9,71.9,69.2,70.5,71.9,80.4,82.2,84.1,81.3,82.9,84.5,80.9,82.9,84.8,81.2,83.4,85.6,81.3,84.3,87.3,79.7,82.7,85.7,70.9,76.0,80.7,80.1,82.3,84.6,70.1,75.1,79.7,72.2,75.0,77.9,80.3,81.9,83.4,81.1,82.8,84.5,80.0,81.7,83.5,73.7,75.9,78.1,73.7,77.7,81.7,78.3,81.5,84.5,71.7,75.3,79.2,67.8,72.8,77.8,73.9,77.4,80.8,78.5,81.5,84.4,80.9,82.6,84.3,75.6,78.3,81.0,76.2,78.7,81.2,62.0,65.4,68.4
2019,73.6,77.0,80.3,80.9,82.9,85.0,79.7,82.0,84.2,79.8,82.1,84.3,71.6,75.1,78.8,72.0,75.1,78.3,80.2,82.3,84.4,82.1,84.0,85.8,77.9,80.6,83.4,75.0,77.7,80.6,73.5,76.6,79.9,77.9,80.5,83.0,76.4,79.3,82.2,79.0,81.3,83.7,79.5,81.5,83.5,81.1,84.0,86.7,74.5,79.0,83.0,79.3,82.1,84.8,79.9,83.0,85.9,79.6,81.4,83.3,79.2,81.7,84.2,75.5,78.6,81.6,73.1,76.5,79.7,68.3,70.3,72.4,69.4,70.7,72.1,80.8,82.8,84.7,81.7,83.2,84.7,81.0,82.9,84.7,81.4,83.6,85.7,81.4,84.4,87.4,80.3,83.3,86.3,71.6,76.5,81.2,80.2,82.7,85.2,70.9,75.7,80.1,72.2,75.1,78.0,80.6,82.2,83.7,81.3,83.0,84.7,80.3,82.1,83.9,73.8,76.0,78.3,74.1,78.0,81.9,78.7,81.9,84.8,71.9,75.6,79.5,68.2,73.2,78.2,74.3,77.8,81.2,78.7,81.6,84.5,81.5,83.2,84.8,75.9,78.6,81.3,76.3,78.8,81.4,62.2,65.7,68.7
2020,73.9,77.3,80.7,81.2,83.2,85.3,78.9,81.3,83.6,78.5,80.8,83.0,70.0,73.6,77.5,72.2,75.3,78.5,79.5,81.7,84.0,81.0,83.1,85.1,78.1,80.8,83.6,75.3,78.0,80.8,73.6,76.7,80.0,78.1,80.6,83.2,75.3,78.3,81.3,78.7,81.1,83.5,79.7,81.6,83.6,79.6,82.4,85.2,74.4,78.9,83.0,79.2,82.0,84.8,79.2,82.3,85.3,78.4,80.4,82.4,78.8,81.4,83.9,74.7,77.8,80.9,72.3,75.7,79.0,68.5,70.5,72.6,69.5,70.9,72.4,80.8,82.6,84.4,81.6,83.1,84.6,80.6,82.7,84.8,80.0,82.3,84.5,81.6,84.6,87.7,80.5,83.5,86.5,70.1,75.1,80.1,79.9,82.2,84.5,70.6,75.5,80.0,72.4,75.2,78.1,79.7,81.4,83.1,81.6,83.3,84.9,80.5,82.3,84.1,73.9,76.2,78.5,72.5,76.5,80.7,78.0,81.1,84.1,70.4,74.2,78.3,NA,NA,NA,73.5,77.0,80.4,77.8,80.6,83.4,80.6,82.4,84.2,NA,NA,NA,74.2,77.0,79.9,62.8,66.2,69.1
2021,72.5,75.9,79.3,81.3,83.3,85.4,78.8,81.3,83.7,79.4,81.9,84.3,68.0,71.4,75.1,70.7,74.0,77.4,79.3,81.6,84.0,81.8,83.9,85.8,78.3,81.0,83.8,75.3,78.1,81.1,73.7,76.8,80.0,78.2,80.8,83.3,74.1,77.2,80.5,78.4,80.8,83.3,79.6,81.5,83.3,80.4,83.3,86.2,72.7,77.2,81.4,79.3,81.9,84.6,79.3,82.4,85.5,NA,NA,NA,77.4,80.2,82.9,73.6,76.7,79.8,70.7,74.3,77.8,66.7,68.8,71.0,68.6,70.2,71.8,80.5,82.4,84.3,81.8,83.2,84.6,80.5,82.6,84.6,80.5,82.7,84.9,81.5,84.5,87.6,80.6,83.6,86.6,69.5,74.2,78.8,80.5,82.7,84.8,68.2,73.1,78.0,72.5,75.4,78.2,79.7,81.4,83.0,81.7,83.2,84.7,80.5,82.3,84.0,70.8,73.7,76.8,71.6,75.5,79.6,78.5,81.5,84.4,69.2,72.8,76.6,NA,NA,NA,71.2,74.6,78.2,77.7,80.7,83.8,81.3,83.1,84.9,NA,NA,NA,73.5,76.4,79.3,62.2,65.3,68.0
2022,72.2,75.4,78.6,NA,NA,NA,78.8,81.1,83.5,79.6,81.8,83.9,70.8,74.3,78.1,69.6,72.8,76.0,NA,NA,NA,81.6,83.5,85.4,78.5,81.2,84.0,75.5,78.2,81.2,73.8,76.9,80.1,78.3,80.9,83.5,76.2,79.1,82.0,NA,80.7,NA,79.5,81.3,83.2,80.4,83.2,85.9,73.7,78.2,82.4,78.7,81.2,83.8,79.4,82.3,85.2,NA,NA,NA,78.1,80.7,83.3,74.6,77.7,80.8,72.7,76.2,79.5,65.5,67.6,69.7,65.8,67.2,68.9,NA,NA,NA,81.0,82.1,83.4,80.9,82.9,84.9,80.9,83.0,85.0,NA,NA,NA,NA,NA,NA,71.5,76.0,80.3,80.9,83.0,85.3,69.8,74.8,79.6,NA,NA,NA,80.3,81.7,83.2,81.0,82.6,84.2,NA,NA,NA,70.1,72.4,74.7,73.5,77.4,81.3,78.8,81.7,84.5,71.5,75.3,79.3,NA,NA,NA,73.7,77.2,80.6,78.6,81.3,84.1,81.5,83.1,84.8,NA,NA,NA,NA,NA,NA,59.5,62.3,65.0
